date,water_temp,wave_height,wind_speed,moon_phase,predicted_score
2024-01-01,14.04984950272189,1.200858101608511,4.330224817837054,0.6610169491525424,0.4404571462250544
2024-01-02,14.215140983138584,1.2417392789334607,4.8986587637816745,0.6949152542372882,0.4305781428785875
2024-01-03,14.296967997420465,1.134077380032659,4.92747808226948,0.7288135593220338,0.4315050318738921
2024-01-04,14.157749003003374,1.1798920242012982,4.361842105748505,0.7627118644067796,0.4342193206151452
2024-01-05,14.152337892444558,1.2200802861155433,4.94038899024314,0.7966101694915254,0.4317034598577342
2024-01-06,14.099247533605833,1.2234684468140014,4.700614630398925,0.8305084745762712,0.4370374671552988
2024-01-07,14.04098437220135,1.204716193470256,4.595438520724783,0.864406779661017,0.4548600681702563
2024-01-08,14.189519360539899,1.2012005985333267,5.091348767252554,0.8983050847457628,0.5369463012510427
2024-01-09,14.290746473423162,1.219921188590943,4.690564675125587,0.9322033898305084,0.5844054350207161
2024-01-10,14.24200798950878,1.212871774941614,5.169941407678762,0.9661016949152542,0.596412230306004
2024-01-11,14.267011211722455,1.1815014050058956,4.668630409452515,0.0,0.5774134280855419
2024-01-12,14.095892487643596,1.1694285816588423,4.401096320653952,0.03389830508474576,0.5676907156187991
2024-01-13,14.346426048011551,1.3475894641764554,4.358458374717277,0.06779661016949153,0.5660712752472217
2024-01-14,14.275811447361301,1.1190170441824214,4.807568367754172,0.1016949152542373,0.5131216539985312
2024-01-15,14.242021859027496,1.2294355849884628,5.845038762313386,0.13559322033898305,0.4915728162692061
2024-01-16,14.394892365148836,1.1618944897716132,5.004764768874858,0.1694915254237288,0.4615124238218662
2024-01-17,14.452606029747121,1.202922982170522,4.653485333878754,0.2033898305084746,0.44303531312402866
2024-01-18,14.384773904528423,1.2307598173491292,4.6494282585812075,0.23728813559322035,0.44104825445139106
2024-01-19,14.415657138037412,1.180146133442912,5.149135561654511,0.2711864406779661,0.4351391224296613
2024-01-20,14.278335792225604,1.1779400930234767,5.2198069289163,0.3050847457627119,0.44241847270373147
2024-01-21,14.598915977231153,1.2659025883260786,5.185919022171913,0.3389830508474576,0.46006177086716027
2024-01-22,14.753759379542997,1.230219717849645,5.634572147362358,0.3728813559322034,0.5219572507543107
2024-01-23,14.709587467281748,1.1532725835707474,5.813795383976143,0.4067796610169492,0.5201013958655658
2024-01-24,14.421279833415683,1.1268315871170234,4.562575311645651,0.4406779661016949,0.4824776231119706
2024-01-25,14.530410434556527,1.26938946716221,4.753883308016609,0.4745762711864407,0.49434509916545083
2024-01-26,14.522252303148107,1.276055893077359,4.859584199017741,0.5084745762711864,0.49016877414231785
2024-01-27,14.636570449742129,1.2240820548338973,5.718243226963025,0.5423728813559322,0.5328018040287954
2024-01-28,14.825880289901859,1.1271445042215842,5.758561636651998,0.576271186440678,0.526514871302454
2024-01-29,14.731757244564909,1.182060874440273,5.3288721000851025,0.6101694915254238,0.5146718019813481
2024-01-30,14.748543772436115,1.1541108983111068,4.9707276972127215,0.6440677966101694,0.4806882312375093
2024-01-31,14.751222630090064,1.3364976814457938,5.043812210714444,0.6779661016949152,0.49977063127000937
2024-02-01,14.671047384269635,1.1875210413424713,4.912312995389296,0.711864406779661,0.4625292966506079
2024-02-02,14.61548587944575,1.1248675147391263,5.600294170571256,0.7457627118644068,0.4712102006285756
2024-02-03,14.788961812977957,1.2086961275611816,4.9452680650447585,0.7796610169491526,0.47571004705695175
2024-02-04,14.914300196898465,1.1595260652145256,4.881309777344869,0.8135593220338984,0.49893116823453176
2024-02-05,14.880185280350155,1.123669570390143,4.97953500721877,0.847457627118644,0.5020864811431728
2024-02-06,14.965007638741824,1.2177693547205128,5.170781059430976,0.8813559322033898,0.5339215399677069
2024-02-07,14.96570351676021,1.2041194115920069,4.885940386402866,0.9152542372881356,0.6024223940470969
2024-02-08,14.924544959603873,1.2988146973932428,5.037673909839494,0.9491525423728814,0.644004933455155
2024-02-09,15.03422478850995,1.2454944566651742,4.98808188417457,0.9830508474576272,0.6429648786233935
2024-02-10,15.104558561146268,1.1689552680043236,5.096312834593286,0.01694915254237288,0.626144965996586
2024-02-11,15.408712866468676,1.1000149587886627,5.476162751736749,0.05084745762711865,0.6309376039909698
2024-02-12,15.244931106652237,1.1691911246205917,4.376174214957738,0.0847457627118644,0.5793187842432533
2024-02-13,15.254556392272235,1.195085312109739,5.389974070814404,0.11864406779661017,0.5425366324799783
2024-02-14,15.332219730626646,1.247569523520667,5.168740995521271,0.15254237288135594,0.5125084014751882
2024-02-15,15.32188063110374,1.0709539376895354,4.99996542299495,0.1864406779661017,0.49635654303678506
2024-02-16,15.434762898524431,1.1237346422371877,5.047714851486535,0.22033898305084745,0.47990107942950533
2024-02-17,15.351868352577945,1.130867757121523,4.8813681188910385,0.2542372881355932,0.4787398967154675
2024-02-18,15.45691434362778,1.240191721236641,5.379694964283956,0.288135593220339,0.4754050654246236
2024-02-19,15.557595877745248,1.2205339737999201,4.871672453224378,0.3220338983050847,0.4639752257625595
2024-02-20,15.505866097208298,1.1498631857527881,5.242076430900673,0.3559322033898305,0.5210464323342147
2024-02-21,15.799764346252966,1.259988142884357,4.795075684166721,0.3898305084745763,0.5456205580125687
2024-02-22,15.711842611437598,1.311945965793128,5.557482104776511,0.423728813559322,0.5583516142255232
2024-02-23,15.480717775595815,1.1759175715981287,5.8509872482060175,0.4576271186440678,0.5677223780606557
2024-02-24,15.846334958207263,1.1263792783389757,5.189956210905215,0.4915254237288136,0.5894014992746113
2024-02-25,15.845261447542434,1.1377232399330324,5.51076954706562,0.5254237288135594,0.5808475668285034
2024-02-26,15.82342011512893,1.2310960213588318,5.04187019014782,0.559322033898305,0.5635863792025262
2024-02-27,15.848223993500065,1.2361262851586863,4.37796105415215,0.5932203389830508,0.5502309143019695
2024-02-28,15.961954063479611,1.2749043496515948,5.258088730738131,0.6271186440677966,0.5395322386219733
2024-02-29,16.073161123759792,1.188548707649072,5.39512819018045,0.6610169491525424,0.5158384818465694
2024-03-01,16.241328544117486,1.242433307621445,5.742541713566193,0.6949152542372882,0.5327763492610548
2024-03-02,16.133875716768888,1.1665931810027506,5.518786090727598,0.7288135593220338,0.5133908553081765
2024-03-03,16.099138075800237,1.152058637309876,4.432135367490965,0.7627118644067796,0.5215662865577978
2024-03-04,16.311340673736428,1.1344357480768419,4.9594992198909775,0.7966101694915254,0.5381080734438257
2024-03-05,16.179468156313455,1.154671839996114,5.198555892678711,0.8305084745762712,0.523610506659099
2024-03-06,16.35801296698113,1.2160914683219854,5.149070678297268,0.864406779661017,0.5498927624112412
2024-03-07,16.224392384681153,1.1921790325847696,4.9594976929921355,0.8983050847457628,0.6264744939765109
2024-03-08,16.718592596549804,1.2867711854715462,4.540466061315839,0.9322033898305084,0.6746739197384767
2024-03-09,16.495704574700284,1.2169659187379256,5.074314156312603,0.9661016949152542,0.6958039053706859
2024-03-10,16.534174827726314,1.2261894959853576,5.778725710416154,0.0,0.6697383290680928
2024-03-11,16.59578219150013,1.183711126335318,5.33199876955674,0.03389830508474576,0.6638343577847796
2024-03-12,16.517817904476065,1.3040574078590836,4.70404175489511,0.06779661016949153,0.6343042834237483
2024-03-13,16.62782936451044,1.164085284111267,4.928333924689059,0.1016949152542373,0.5961158158946746
2024-03-14,16.821909788643595,1.161461590506727,4.339712719718746,0.13559322033898305,0.5609058387299087
2024-03-15,16.495016391882185,1.060512894794713,5.118504748105429,0.1694915254237288,0.5154249959827041
2024-03-16,16.833367564661817,1.1833810610050304,5.226778330030843,0.2033898305084746,0.5296171139531072
2024-03-17,16.79567843844972,1.2424649985469818,4.959442955248882,0.23728813559322035,0.5323157802345085
2024-03-18,16.95316076107289,1.1607082744730783,4.987574504933163,0.2711864406779661,0.5317800634417199
2024-03-19,17.172171866495145,1.2457453191156331,4.753160755887075,0.3050847457627119,0.5486194917310452
2024-03-20,17.10323826486416,1.2412561172754166,4.6317973671979145,0.3389830508474576,0.5792501395439281
2024-03-21,17.044213301347337,1.1628289258380893,4.723810167014402,0.3728813559322034,0.6037543175942203
2024-03-22,17.148091128150416,1.3354784813952163,5.388640247413033,0.4067796610169492,0.5914834904072748
2024-03-23,17.121753623927514,1.274233838868512,4.754094207127185,0.4406779661016949,0.6050171915258737
2024-03-24,17.18430209601562,1.1466106008752892,5.175469118512775,0.4745762711864407,0.6313809662050939
2024-03-25,17.4007690371963,1.0694027992844937,5.390893462920096,0.5084745762711864,0.6405768214039318
2024-03-26,17.562115066165838,1.1473002972008215,5.1612203670365,0.5423728813559322,0.6279992323989086
2024-03-27,17.396858231895816,1.200387613527723,5.1692669943021885,0.576271186440678,0.613168562646986
2024-03-28,17.436166646840352,1.212967794526238,4.387798483145478,0.6101694915254238,0.6186070746954326
2024-03-29,17.58377603551168,1.2344037187308188,4.444195809422429,0.6440677966101694,0.5960776138636398
2024-03-30,17.519875899486482,1.1548446311398448,4.92043344213287,0.6779661016949152,0.583182175060302
2024-03-31,17.605352114690756,1.15634565264788,4.850703613792484,0.711864406779661,0.5839614037872632
2024-04-01,17.59583348708126,1.0838122082881128,4.584501487170181,0.7457627118644068,0.6015342255450213
2024-04-02,17.639244027276526,1.1223316960766159,4.688907050821274,0.7796610169491526,0.5926713352393083
2024-04-03,17.76079638970375,1.2036319755005551,5.056405535452792,0.8135593220338984,0.5875209299939559
2024-04-04,17.668140656340938,1.1362439655010237,5.474932637875928,0.847457627118644,0.5822137889183184
2024-04-05,17.84370312410773,1.2449791961604366,4.482385859029383,0.8813559322033898,0.6189682502267749
2024-04-06,18.02088923957867,1.25416251641686,5.9824094694703716,0.9152542372881356,0.6526511855775508
2024-04-07,17.960948145987988,1.1719477498540676,4.835113385777656,0.9491525423728814,0.6923988282499495
2024-04-08,18.114912080252353,1.2329891955354626,5.14594138973257,0.9830508474576272,0.6950271679308092
2024-04-09,17.928941700613866,1.1472842518239343,5.004914741350384,0.01694915254237288,0.6783598454373453
2024-04-10,18.065251604993374,1.1086140904550077,4.544442547703434,0.05084745762711865,0.6645516632957406
2024-04-11,18.04149307879206,1.1779997330872385,5.448437484061532,0.0847457627118644,0.6225504035202726
2024-04-12,18.177337022197815,1.2606517504564938,5.483877372008401,0.11864406779661017,0.5785580478086395
2024-04-13,18.25159842972995,1.2732430798208687,5.298591298374691,0.15254237288135594,0.5586083573113527
2024-04-14,18.290460626423883,1.2504863596732223,4.932732745860849,0.1864406779661017,0.5640657847594431
2024-04-15,18.28229824485027,1.2234610322918524,4.292376785692228,0.22033898305084745,0.5579209113774022
2024-04-16,18.047936559813095,1.1263884385210818,4.983062045655371,0.2542372881355932,0.5475461366069646
2024-04-17,18.261543872044825,1.1981483233313166,4.923108016716654,0.288135593220339,0.536012262162
2024-04-18,18.433640176892403,1.1058020372318722,4.629171886553162,0.3220338983050847,0.5703355661671404
2024-04-19,18.407780249426537,1.1495901079525754,5.069434610995278,0.3559322033898305,0.6128244411921145
2024-04-20,18.504013232529648,1.2094576324616568,5.09217747544388,0.3898305084745763,0.6409012936192505
2024-04-21,18.555334722103783,1.1822371990058747,5.1577877773258765,0.423728813559322,0.6527143842172372
2024-04-22,18.53160028616834,1.177781601101209,4.981252781238438,0.4576271186440678,0.6564998309887181
2024-04-23,18.842172301249565,1.120058625914713,4.9216998150689575,0.4915254237288136,0.6799748100437248
2024-04-24,18.609691309553682,1.0878479564395034,5.7891655251362275,0.5254237288135594,0.6729710468151572
2024-04-25,18.675589165983162,1.017583392128698,5.1541863456238355,0.559322033898305,0.6844424156254801
2024-04-26,18.727056339096986,1.2869512757525479,5.262922894471679,0.5932203389830508,0.6384478161753487
2024-04-27,18.876981358411793,1.2251943037369355,4.683168491545178,0.6271186440677966,0.6386528731428368
2024-04-28,18.72870981456204,1.1724780098354681,5.176038872138585,0.6610169491525424,0.6082541323442833
2024-04-29,18.901036496772516,1.3301765936589418,3.87930109587308,0.6949152542372882,0.615409100767199
2024-04-30,18.86795055129213,1.1763661730506325,5.327441593974085,0.7288135593220338,0.5972363284946496
2024-05-01,18.90705045897794,1.1970959675780137,5.816971060069207,0.7627118644067796,0.5882559649312455
2024-05-02,18.987097263370398,1.2040637643832184,4.972669053035005,0.7966101694915254,0.5992365419570644
2024-05-03,19.16393824470445,1.1337190941855684,5.031095892541841,0.8305084745762712,0.6139312127036652
2024-05-04,19.185761147684183,1.2236785836367157,4.85063240213067,0.864406779661017,0.6164549949181853
2024-05-05,19.03012617689016,1.228366195652567,5.465417767961658,0.8983050847457628,0.6776904983506771
2024-05-06,19.054660706737838,1.2152434524232958,4.6109348880130705,0.9322033898305084,0.7105938976569071
2024-05-07,19.27565086573725,1.209402364135121,5.599772903814377,0.9661016949152542,0.7125458206155675
2024-05-08,19.21669199240499,1.2202905697895363,5.587356874670431,0.0,0.6924920948993831
2024-05-09,19.41446035436528,1.3040205069289053,5.127325853117875,0.03389830508474576,0.7075021420027204
2024-05-10,19.303784123575493,1.2383452001095612,4.779319342672138,0.06779661016949153,0.6974538030280493
2024-05-11,19.455618742997956,1.2645754995217031,5.088879670152314,0.1016949152542373,0.6598958672947919
2024-05-12,19.303194933003947,1.2211884059294287,5.075622991516409,0.13559322033898305,0.6281367065863734
2024-05-13,19.549110097151118,1.1819705135845295,4.923011277746304,0.1694915254237288,0.6154037214896815
2024-05-14,19.48710144115383,1.0928462173201547,5.026443541915699,0.2033898305084746,0.6139839137429095
2024-05-15,19.43172697291907,1.0817085234118125,5.78506375340907,0.23728813559322035,0.5626614006983132
2024-05-16,19.57894690769118,1.1646150215751006,5.438588389673213,0.2711864406779661,0.5789698392367151
2024-05-17,19.700197243259435,1.2336432214393038,4.60832681069649,0.3050847457627119,0.6386180669803041
2024-05-18,19.50571130454124,1.1712866103896467,4.2706469808184675,0.3389830508474576,0.6399153529327206
2024-05-19,19.536228030305335,1.1479163537497215,5.43358420720448,0.3728813559322034,0.6416128314133609
2024-05-20,19.627545934048772,1.2594226009073204,4.996339809317156,0.4067796610169492,0.6579752974532228
2024-05-21,19.79571500749432,1.2145038183543024,5.359696391168281,0.4406779661016949,0.6502227592575777
2024-05-22,19.81412965348798,1.1150172956719677,4.500105056711993,0.4745762711864407,0.7238861389257791
2024-05-23,19.661848477256772,1.2175727525065299,4.674388676390703,0.5084745762711864,0.6847043005106193
2024-05-24,19.621262900711216,1.2165529328820213,5.122741429086449,0.5423728813559322,0.6708205691695861
2024-05-25,19.576468360888992,1.1946003656399546,4.670865707749512,0.576271186440678,0.6730885110254912
2024-05-26,19.767332833231503,1.254322425920502,4.698257942490881,0.6101694915254238,0.6597137693025086
2024-05-27,19.721044505935506,1.3261390402016546,4.11624010043606,0.6440677966101694,0.6620280307946862
2024-05-28,19.6819793084743,1.240925060306387,5.517866942684248,0.6779661016949152,0.6143372122413286
2024-05-29,19.723054006973005,1.2254713229559984,5.409465274726706,0.711864406779661,0.6167840240324947
2024-05-30,19.849939034878737,1.1594769931066857,5.150551655360219,0.7457627118644068,0.6456715107602393
2024-05-31,19.839103009947806,1.212034901909437,5.395549474162926,0.7796610169491526,0.62096514484197
2024-06-01,19.81952305881292,1.17676033116868,4.684493162797973,0.8135593220338984,0.6500133851030645
2024-06-02,19.909836235820887,1.2834782176974457,5.097321070712078,0.847457627118644,0.6431830717750705
2024-06-03,19.99256497839431,1.2503995308968818,5.172339111009351,0.8813559322033898,0.65482598823307
2024-06-04,19.87838213600478,1.1029133347755562,5.431037239813814,0.9152542372881356,0.6934108249578734
2024-06-05,19.933765205122565,1.1582983759183858,5.33837713761438,0.9491525423728814,0.7007790255347431
2024-06-06,19.961656688362417,1.1647035778627262,4.9619547716644155,0.9830508474576272,0.7389075612623571
2024-06-07,19.816323845686462,1.1194829296988253,4.457539569868342,0.01694915254237288,0.7368826347372781
2024-06-08,19.822357660300636,1.295666233579096,4.771853952496156,0.05084745762711865,0.7177188543438213
2024-06-09,20.022481743417384,1.3565262698064184,5.2484729196601085,0.0847457627118644,0.6792126418167522
2024-06-10,20.076208154875868,1.1935032127945677,4.532453689571965,0.11864406779661017,0.681372016072642
2024-06-11,20.025385149435525,1.247132179577992,5.801582360960444,0.15254237288135594,0.6094728686247045
2024-06-12,20.238991180997605,1.1823664004596208,5.282852871832656,0.1864406779661017,0.6389879746425344
2024-06-13,19.95835223236571,1.210650441672276,5.046673501535114,0.22033898305084745,0.6377015518833332
2024-06-14,19.990982526311775,1.2766592762176432,4.693925140542865,0.2542372881355932,0.6305589963362027
2024-06-15,19.975855272963503,1.2300056360272669,4.961212199879831,0.288135593220339,0.628996726795488
2024-06-16,19.684842582483714,1.2853567561228592,5.536267632308621,0.3220338983050847,0.6063049907857281
2024-06-17,19.93969910880244,1.2432288054059402,5.8247299724901325,0.3559322033898305,0.6083171690254812
2024-06-18,19.971291940512124,1.182590661648215,4.947805823063665,0.3898305084745763,0.6810654908882472
2024-06-19,19.842861779174637,1.2200081355593213,5.09854249715148,0.423728813559322,0.6696846540582233
2024-06-20,19.944521941576415,1.2404349282545215,4.947807194895623,0.4576271186440678,0.6730919525438348
2024-06-21,19.98632320785099,1.2788569341215947,5.726921493855008,0.4915254237288136,0.6401706262791831
2024-06-22,19.96657551316564,1.1373617537725702,4.6442315079527745,0.5254237288135594,0.7256405188984089
2024-06-23,19.942022505288154,1.2694144376759828,5.559259311216063,0.559322033898305,0.6458852820416989
2024-06-24,20.0945314390675,1.1430728576578597,5.307379696494216,0.5932203389830508,0.6684428287511736
2024-06-25,19.91522041743908,1.1068563859935339,5.363391935106578,0.6271186440677966,0.658606350900072
2024-06-26,20.035802645317343,1.1421670184071457,4.879420910010199,0.6610169491525424,0.6635483164112181
2024-06-27,19.92361907807832,1.1065751778096884,5.595333641130374,0.6949152542372882,0.6383530573333493
2024-06-28,19.806375655061647,1.212835319735613,5.70762273973444,0.7288135593220338,0.61074535310741
2024-06-29,20.06625887021826,1.2282937054816399,5.117037730756402,0.7627118644067796,0.630094637107802
2024-06-30,19.86596933750575,1.0797121377423222,4.667029052527565,0.7966101694915254,0.6531909011395785
2024-07-01,19.760985783650984,1.2066691294798446,4.990552905037465,0.8305084745762712,0.6607398783460292
2024-07-02,19.826657335545438,1.1778848605282806,5.521900736626793,0.864406779661017,0.6421560320551187
2024-07-03,19.939420498318512,1.122420632792292,4.22570142805691,0.8983050847457628,0.7143342878769956
2024-07-04,19.761002780922063,1.161012172890168,4.942329648318933,0.9322033898305084,0.7313025769824093
2024-07-05,19.976405737469218,1.2128457280357356,4.759112780027858,0.9661016949152542,0.733867983745753
2024-07-06,20.079184806050797,1.2146962714144676,4.986449010220318,0.0,0.7279541198793547
2024-07-07,19.894919446157722,1.2082637214651835,4.742536627928068,0.03389830508474576,0.7303813840966538
2024-07-08,19.83357477923659,1.205343277882617,5.279698829366138,0.06779661016949153,0.7097956740221519
2024-07-09,19.902127201010845,1.1813366216338288,4.743122691671579,0.1016949152542373,0.6995573820133429
2024-07-10,19.809167545991446,1.286337283619579,4.823387959107133,0.13559322033898305,0.6594488553918212
2024-07-11,19.84144426439014,1.1783750004052187,5.236245166111646,0.1694915254237288,0.6339055756438919
2024-07-12,19.76962664550002,1.1417348237561893,5.599624525845427,0.2033898305084746,0.6162217080388228
2024-07-13,19.72825454970113,1.2394036017224683,4.92772790738734,0.23728813559322035,0.6279909748569272
2024-07-14,19.762445192267133,1.1323819619409374,4.004683921627119,0.2711864406779661,0.6526743612319917
2024-07-15,19.757948195757596,1.1675755808172923,5.296986731626576,0.3050847457627119,0.6216261591148234
2024-07-16,19.661919299998726,1.2846653489273587,5.099131326535825,0.3389830508474576,0.6053651168477138
2024-07-17,19.635898977552255,1.1560554440097437,4.910772443658412,0.3728813559322034,0.662098357028606
2024-07-18,19.54837370662275,1.1954297789237123,5.09323023938398,0.4067796610169492,0.6660457496424003
2024-07-19,19.75443227541907,1.2055888839456308,5.925463363742483,0.4406779661016949,0.6242071879061648
2024-07-20,19.576263391524073,1.2653576497956562,5.123327414179446,0.4745762711864407,0.665210050620749
2024-07-21,19.654477939378953,1.2011135614175166,5.018656347007471,0.5084745762711864,0.6878201898369756
2024-07-22,19.507653686243906,1.1752723802310299,5.195962557851677,0.5423728813559322,0.6799077470065327
2024-07-23,19.373931055319584,1.2106624824298333,5.18401301432569,0.576271186440678,0.6586000997874296
2024-07-24,19.752072495277215,1.315162552788471,4.261027225104737,0.6101694915254238,0.6747943828058836
2024-07-25,19.45015718664877,1.2467313551627128,4.694329401759178,0.6440677966101694,0.6315286211965719
2024-07-26,19.470626838843625,1.1149201613921473,4.191910917230965,0.6779661016949152,0.6485071209759258
2024-07-27,19.262751831424886,1.2343014901360607,4.801548329060103,0.711864406779661,0.6218095179682245
2024-07-28,19.357736375519252,1.2948212733122915,5.042729944554073,0.7457627118644068,0.6123639753721009
2024-07-29,19.211655568769316,1.2056278366034954,5.196705247182911,0.7796610169491526,0.6017637213403328
2024-07-30,19.342163621794622,1.1000664995946097,5.088990231183022,0.8135593220338984,0.6439160949828149
2024-07-31,19.32459265871697,1.236219246889771,4.5347175452154,0.847457627118644,0.6421210898104874
2024-08-01,19.24780250641869,1.1836305827639317,4.888132926623187,0.8813559322033898,0.6704272378618866
2024-08-02,18.972298358349164,1.199424746993352,5.174417595430794,0.9152542372881356,0.6886189791233267
2024-08-03,19.08540638464159,1.2294586943644992,5.462672822750953,0.9491525423728814,0.7088618889907607
2024-08-04,19.08872433537997,1.1923998887668843,4.732790319324003,0.9830508474576272,0.7205485118060547
2024-08-05,19.17847733315833,1.228388674737041,5.190461068937474,0.01694915254237288,0.7009615674997753
2024-08-06,18.93110678418595,1.2460492812102009,4.449386316746932,0.05084745762711865,0.706150504264693
2024-08-07,19.120875695568312,1.2556548072528961,5.152866555122615,0.0847457627118644,0.6511081199064929
2024-08-08,18.992522857646836,1.2286706967209116,5.082741549471641,0.11864406779661017,0.6265002552271716
2024-08-09,18.93698517134211,1.2235537573144146,4.868092188260996,0.15254237288135594,0.6030461729725736
2024-08-10,18.92304628491392,1.1703064246530637,5.6747341690203905,0.1864406779661017,0.5738740611407632
2024-08-11,18.911167338361555,1.394163492526469,5.352631995702494,0.22033898305084745,0.5606130547414321
2024-08-12,18.83472298070051,1.1407452003883087,5.2400453601645784,0.2542372881355932,0.5752498742190555
2024-08-13,18.695527433434698,1.1055915842856978,4.614302541233836,0.288135593220339,0.589222589508681
2024-08-14,18.695921313200476,1.2130999997339786,5.910431826253831,0.3220338983050847,0.5505592490413368
2024-08-15,18.84796537021311,1.2207240356942173,5.093308366127494,0.3559322033898305,0.6243601439263046
2024-08-16,18.567415359934277,1.1981145544427338,5.1870848173414945,0.3898305084745763,0.6403453295580479
2024-08-17,18.61135648699845,1.2975871162705428,4.641195629678535,0.423728813559322,0.6745428103945531
2024-08-18,18.706984726394776,1.227378739960742,4.898362178572277,0.4576271186440678,0.6654031299186913
2024-08-19,18.486167786102616,1.142490609295498,4.285931839947678,0.4915254237288136,0.6743403704134345
2024-08-20,18.589208051196163,1.1851743027457036,5.000337792418407,0.5254237288135594,0.669265632952014
2024-08-21,18.62614207411158,1.2165264514467158,4.8380942161694,0.559322033898305,0.659657699944814
2024-08-22,18.356972021810666,1.2680592215117674,4.962896834898417,0.5932203389830508,0.6094568950003599
2024-08-23,18.385932943991655,1.238412743434332,5.519508906491975,0.6271186440677966,0.6026415369847037
2024-08-24,18.129737240339452,1.154804463469273,5.354164280660432,0.6610169491525424,0.5782870895906695
2024-08-25,18.338813304298615,1.162613585069659,5.123902534848488,0.6949152542372882,0.5712501185429449
2024-08-26,18.22945449275366,1.1751418754979304,4.568861660133077,0.7288135593220338,0.5762630178840862
2024-08-27,17.977232058478815,1.2722986469064805,5.482070827326353,0.7627118644067796,0.5743120587695867
2024-08-28,18.13144007651876,1.2547566950045936,4.758505247127421,0.7966101694915254,0.5785160022915995
2024-08-29,17.956859565633508,1.1818762355699128,4.560795196468425,0.8305084745762712,0.5924929542915983
2024-08-30,18.058927911904117,1.3239501027217317,5.315283272450108,0.864406779661017,0.5790112926469015
2024-08-31,17.88863950978106,1.1634854489962996,4.423457156761798,0.8983050847457628,0.658218644958756
2024-09-01,17.85660559439767,1.331885232814476,5.373864961469867,0.9322033898305084,0.6828009699894274
2024-09-02,17.89620459759831,1.2463307819067595,4.497558161532352,0.9661016949152542,0.7063329325776201
2024-09-03,17.91095628500251,1.3148738708674579,5.575279120887807,0.0,0.6854168140582879
2024-09-04,17.793301156302302,1.110499093259872,4.785155711092298,0.03389830508474576,0.6598909497503197
2024-09-05,17.71010338231539,1.1605055201597285,5.520561580605434,0.06779661016949153,0.6553238820011805
2024-09-06,17.70491326465277,1.1786097996790614,5.058214742995865,0.1016949152542373,0.6105277758341099
2024-09-07,17.508665947262877,1.1433787554540562,5.821227294391629,0.13559322033898305,0.5603142549256086
2024-09-08,17.48214071409236,1.1874764003956448,4.453709324245656,0.1694915254237288,0.5618995234212302
2024-09-09,17.63309358645518,1.2111185584949742,4.737622920764298,0.2033898305084746,0.5505088042588981
2024-09-10,17.356193304018216,1.2379853914799768,5.634078658635161,0.23728813559322035,0.5471018246707201
2024-09-11,17.270273540685082,1.0850560011080037,5.2964989002230505,0.2711864406779661,0.5543520410677946
2024-09-12,17.42106419657102,1.2323447450246747,5.089241175865131,0.3050847457627119,0.5414986003089232
2024-09-13,17.285838321220947,1.175760008417122,5.413409464006904,0.3389830508474576,0.5636238617526987
2024-09-14,17.07217913928722,1.1601666381620153,4.549374298548989,0.3728813559322034,0.6037768794245875
2024-09-15,17.105489502158928,1.197899086695626,5.537771202557007,0.4067796610169492,0.5964772941719083
2024-09-16,17.071989748075044,1.1668945913794673,5.428824877593385,0.4406779661016949,0.6007860352946532
2024-09-17,17.037757809525445,1.1582943850784664,5.144539409684598,0.4745762711864407,0.6262011145726893
2024-09-18,17.10079557622409,1.1410103305987187,5.217423589250749,0.5084745762711864,0.6283967049876013
2024-09-19,17.03534233819595,1.0418056360042465,4.746031415536293,0.5423728813559322,0.6259886724624673
2024-09-20,17.185876601219494,1.188587575366966,4.580419337835812,0.576271186440678,0.6189585790888428
2024-09-21,16.8244773730913,1.2677916880275222,4.437394647108367,0.6101694915254238,0.602170053269759
2024-09-22,16.683651546362896,1.2097049986635524,4.650404160056779,0.6440677966101694,0.5731715122870841
2024-09-23,16.76488224443711,1.2048185790402048,5.380040598101423,0.6779661016949152,0.5647404365539666
2024-09-24,16.562731544017282,1.2072273132567233,5.502774940318147,0.711864406779661,0.5445644296782693
2024-09-25,16.679378159773563,1.1251704093974355,4.955572835348952,0.7457627118644068,0.5660042374643879
2024-09-26,16.444886424205453,1.191307881988697,4.547489591377321,0.7796610169491526,0.5324108699501734
2024-09-27,16.60012418350681,1.1535756398614971,4.6570579930494,0.8135593220338984,0.5569261197151578
2024-09-28,16.544396819448682,1.205423773164402,4.976548839753225,0.847457627118644,0.5526841542168008
2024-09-29,16.640755271165542,1.2696099922579929,5.054622600887386,0.8813559322033898,0.5997063271860855
2024-09-30,16.439476695084917,1.1431308779790668,5.699709572601736,0.9152542372881356,0.6376669687473818
2024-10-01,16.42460646309222,1.3036574901536515,4.754324508666407,0.9491525423728814,0.6866014182376763
2024-10-02,16.479929869938292,1.1917217871202774,5.2835568747909365,0.9830508474576272,0.6970790931839475
2024-10-03,16.250643287689382,1.201610523947912,4.789229695150012,0.01694915254237288,0.6566991414775224
2024-10-04,16.249598271330534,1.2597059597969456,4.734214581183735,0.05084745762711865,0.6473306136615024
2024-10-05,16.12584742572867,1.1089910121631774,5.679016086435435,0.0847457627118644,0.592762447397651
2024-10-06,16.096678383265928,1.210750429480387,4.636717548245081,0.11864406779661017,0.5514903967752481
2024-10-07,16.0973746463703,1.2259487800363553,5.049093580507383,0.15254237288135594,0.5148833990158337
2024-10-08,15.988415253466734,1.1396608565428086,5.399718047172198,0.1864406779661017,0.49249367759960244
2024-10-09,16.131670549338388,1.154931451490963,4.714500754794014,0.22033898305084745,0.48693321203428125
2024-10-10,15.895961527501617,1.1909720943481543,4.923456436934519,0.2542372881355932,0.46629189360291073
2024-10-11,15.845532039788957,1.14425246546904,4.8843509028459176,0.288135593220339,0.4666844440706995
2024-10-12,16.03819715060919,1.1342365840746835,4.610745244648957,0.3220338983050847,0.4711518394385134
2024-10-13,15.740407637604136,1.2671416858571074,5.028310840991868,0.3559322033898305,0.5208169035003164
2024-10-14,15.704942107807044,1.1919095032833542,5.163524876259882,0.3898305084745763,0.5366651878720688
2024-10-15,15.650605927318834,1.1618784000975475,5.075318522187857,0.423728813559322,0.550771888719325
2024-10-16,15.511639321300834,1.182505854010905,5.212915273687766,0.4576271186440678,0.5687268895202084
2024-10-17,15.423154230387068,1.1651834288052325,4.484198287548024,0.4915254237288136,0.5830743658271303
2024-10-18,15.523733450170804,1.1101952686449421,5.595769846183122,0.5254237288135594,0.5805620225555491
2024-10-19,15.474278926253033,1.2942745872064576,5.050067874789809,0.559322033898305,0.5612293433849128
2024-10-20,15.357570761543306,1.17665173582074,5.050077342384268,0.5932203389830508,0.5361786803217802
2024-10-21,15.59426332889322,1.1614227045099115,5.3550454002179935,0.6271186440677966,0.5294709720823743
2024-10-22,15.234863100535861,1.1276789561852654,4.926955296881194,0.6610169491525424,0.5128174254526275
2024-10-23,15.248563087871348,1.1530007688180508,4.099569972987413,0.6949152542372882,0.5250592157357942
2024-10-24,15.434281760270453,1.1731883275075559,4.789932363131393,0.7288135593220338,0.4985294034915292
2024-10-25,15.318205785071038,1.2231029180475228,4.9431970705627615,0.7627118644067796,0.5024371081474971
2024-10-26,15.072980613222475,1.177651138334276,4.961138114198486,0.7966101694915254,0.49709463388703434
2024-10-27,15.293477303152018,1.1990189858766758,4.871146266644985,0.8305084745762712,0.5082918348828875
2024-10-28,15.090448788167938,1.2044889938430634,4.960141493966605,0.864406779661017,0.5196429393764869
2024-10-29,15.059169551737613,1.1797585513733468,5.618795762271877,0.8983050847457628,0.5902292032355133
2024-10-30,15.09235457040176,1.2539265156174828,5.522532982133819,0.9322033898305084,0.6419260993321342
2024-10-31,15.005230383747298,1.1753506455252982,4.890074974365253,0.9661016949152542,0.6454225023585216
2024-11-01,14.930174274933615,1.2792698093327106,5.184175564013061,0.0,0.6347889851930237
2024-11-02,14.970003126663025,1.1273201662997836,4.96038723833501,0.03389830508474576,0.6125817277492533
2024-11-03,14.951335965387566,1.1351433666630808,4.718603457312797,0.06779661016949153,0.6017830091975503
2024-11-04,14.81946155222913,1.2070222203404655,3.9714331940831618,0.1016949152542373,0.554672924519529
2024-11-05,14.754032107647207,1.1525715568585917,4.907205652263314,0.13559322033898305,0.5136374822267707
2024-11-06,14.650688459998507,1.157907676306947,5.241168425946081,0.1694915254237288,0.4911071468756281
2024-11-07,14.611525317979222,1.2878434337294455,4.772012425510803,0.2033898305084746,0.4520409995182558
2024-11-08,14.943083640598738,1.1967387065571935,5.130283718255043,0.23728813559322035,0.4772144549019688
2024-11-09,14.599548288125225,1.228165272513908,5.215852346224486,0.2711864406779661,0.45392370056692044
2024-11-10,14.721360364850675,1.2176658344905933,5.027055711780847,0.3050847457627119,0.45581114281494095
2024-11-11,14.693592154169394,1.2196019196901065,4.7716007524538675,0.3389830508474576,0.4664729281059099
2024-11-12,14.440206032031627,1.1508642636842896,4.771291023518514,0.3728813559322034,0.4657259411324896
2024-11-13,14.452542641904968,1.159192135638586,4.794754631571572,0.4067796610169492,0.4677050879138629
2024-11-14,14.46189928986419,1.1881601769118335,5.208440587638311,0.4406779661016949,0.4838375800960826
2024-11-15,14.497379696163742,1.2034100672206236,4.966127991575082,0.4745762711864407,0.49009040170984186
2024-11-16,14.3253555819039,1.2349896292923852,5.134440474244932,0.5084745762711864,0.4753243832675841
2024-11-17,14.540730167261088,1.1898722013094176,5.370736948374751,0.5423728813559322,0.5065186626926511
2024-11-18,14.446777706499526,1.2949203663945965,5.44474383475701,0.576271186440678,0.49300367967739434
2024-11-19,14.356498181699356,1.2210608468579653,4.732288098029495,0.6101694915254238,0.4582272444403892
2024-11-20,14.291156559277702,1.2233389649942368,5.147053179135214,0.6440677966101694,0.43534593868213567
2024-11-21,14.414815325307961,1.1811853668495946,4.125949892750449,0.6779661016949152,0.4501835772949554
2024-11-22,14.359843769824295,1.1552292294801434,4.341410176374132,0.711864406779661,0.4408359740648573
2024-11-23,14.270798358059514,1.2360184380601469,5.069252169379626,0.7457627118644068,0.43181178791208497
2024-11-24,14.19528991369726,1.233497495285566,4.893676093352504,0.7796610169491526,0.4295828741112183
2024-11-25,14.214785147570796,1.2589275755437452,4.5978946692980225,0.8135593220338984,0.4335428840640059
2024-11-26,14.198748335646231,1.2298624057922631,5.061251517626455,0.847457627118644,0.4461665643809677
2024-11-27,14.083047464904256,1.1536483674060867,5.117347026979848,0.8813559322033898,0.4758124530085701
2024-11-28,14.12756928388216,1.219074408682225,5.432271326470207,0.9152542372881356,0.5707024859466703
2024-11-29,14.20621972893054,1.163934525154316,4.945123673195452,0.9491525423728814,0.5868277048027543
2024-11-30,14.23459659871409,1.1484015563334375,4.99387380323738,0.9830508474576272,0.58908118831438
2024-12-01,14.181842686694594,1.2631448919721986,5.085993120418968,0.01694915254237288,0.5768722269081554
2024-12-02,13.940221252430247,1.1719126012230652,5.604844890652046,0.05084745762711865,0.5875731047788613
2024-12-03,14.090758018117851,1.21649057444448,4.548726968245028,0.0847457627118644,0.5253498427441131
2024-12-04,14.206144152769687,1.1557747506114975,5.816093293791358,0.11864406779661017,0.5119885603673783
2024-12-05,14.002316748580759,1.0960439696381,5.401179834166818,0.15254237288135594,0.5009284794839733
2024-12-06,13.923268717127895,1.1795896725239554,5.285850968140875,0.1864406779661017,0.4708370195543496
2024-12-07,13.967345817790324,1.1874764549499957,4.54459306124101,0.22033898305084745,0.4420050532644632
2024-12-08,14.090132258374473,1.2056491407592353,4.615472020446215,0.2542372881355932,0.4365032484691376
2024-12-09,13.941213503241821,1.0165620166007139,5.360708640435365,0.288135593220339,0.45545711394853095
2024-12-10,13.983111510815625,1.2695498589587184,4.861256956670231,0.3220338983050847,0.42802234455374505
2024-12-11,14.032794928096523,1.1880849454170785,5.271452011776199,0.3559322033898305,0.4741737459160385
2024-12-12,13.887015249194553,1.2433410979190083,4.654413599680622,0.3898305084745763,0.46477323343359955
2024-12-13,14.02696730797488,1.0907299671677786,4.714529445315953,0.423728813559322,0.4766234161235029
2024-12-14,13.897447741540619,1.1059887853752477,4.801764853989958,0.4576271186440678,0.48449260807704886
2024-12-15,14.018208047179982,1.172623162594815,4.623981238565929,0.4915254237288136,0.4824108951394737
2024-12-16,14.054564065825028,1.1526336269494812,5.149396903717484,0.5254237288135594,0.47899755612424066
2024-12-17,13.942311853292829,1.190918668916548,4.432377162276479,0.559322033898305,0.4772316513638004
2024-12-18,14.085729587639806,1.1638100660664836,4.557059771671848,0.5932203389830508,0.4575217549720896
2024-12-19,14.031938991075366,1.1810119942007367,4.2261769641856315,0.6271186440677966,0.4551713635825114
2024-12-20,13.986666985664861,1.1608590462075856,5.7705135522079205,0.6610169491525424,0.4529482002243271
2024-12-21,13.951012366849293,1.2323460739022443,5.50456222723816,0.6949152542372882,0.45707731813403124
2024-12-22,13.962578647876333,1.217875834892222,5.591389425034078,0.7288135593220338,0.45192394249475165
2024-12-23,13.955282600874414,1.1590807870314093,4.987489879773682,0.7627118644067796,0.43459577269284755
2024-12-24,13.907974419710989,1.1253333307546083,5.1283526160475565,0.7966101694915254,0.4415204731641561
2024-12-25,13.990658205619546,1.2382352487897317,5.106302030460095,0.8305084745762712,0.43878887869836913
2024-12-26,14.037190820792121,1.2784580122249276,5.768283526463439,0.864406779661017,0.4712655535516872
2024-12-27,13.94482733908226,1.2496892772773442,4.8263595438237985,0.8983050847457628,0.5339102698318535
2024-12-28,14.090154903668124,1.240659888785141,4.898261186171796,0.9322033898305084,0.580779523641398
2024-12-29,14.1056200651685,1.2587797692478684,5.772672149667428,0.9661016949152542,0.6085976057554813
2024-12-30,14.261167233319512,1.1568529685023419,4.521054733891266,0.0,0.5758335516985322
2024-12-31,13.736979253849475,1.135656525256824,4.825319478180449,0.03389830508474576,0.5627562602094932
