date,tour_id,start_time,channel,product_type,weekday,is_weekend,blue_tears_score,price_per_person,variable_cost_per_person,num_customers,revenue,cost,profit
2024-01-02,1,20:00,walk_in,standard,1,False,0.5261037775489049,95.78311332646715,25.0,15,1436.7466998970071,375.0,1061.7466998970071
2024-01-03,1,20:00,walk_in,standard,2,False,0.48961005694573906,94.68830170837217,25.0,10,946.8830170837216,250.0,696.8830170837216
2024-01-04,1,20:00,website,premium,3,False,0.529543125412335,135.88629376237006,35.0,6,815.3177625742203,210.0,605.3177625742203
2024-01-04,2,21:30,website,standard,3,False,0.529543125412335,95.88629376237004,25.0,16,1534.1807001979207,400.0,1134.1807001979207
2024-01-05,1,20:00,website,standard,4,False,0.6675351459267627,100.02605437780288,25.0,19,1900.4950331782547,475.0,1425.4950331782547
2024-01-05,2,21:30,website,premium,4,False,0.6675351459267627,140.0260543778029,35.0,9,1260.234489400226,315.0,945.234489400226
2024-01-06,1,20:00,website,standard,5,True,0.39629795909680166,106.88893877290405,25.0,19,2030.889836685177,475.0,1555.889836685177
2024-01-07,1,20:00,website,premium,6,True,0.49957029258868013,149.9871087776604,35.0,15,2249.806631664906,525.0,1724.806631664906
2024-01-07,2,21:30,OTA,premium,6,True,0.49957029258868013,149.9871087776604,35.0,9,1349.8839789989438,315.0,1034.8839789989438
2024-01-08,1,20:00,walk_in,standard,0,False,0.677888258376769,100.33664775130308,25.0,13,1304.37642076694,325.0,979.3764207669401
2024-01-09,1,20:00,website,premium,1,False,0.6626742795835001,139.880228387505,35.0,12,1678.5627406500603,420.0,1258.5627406500603
2024-01-09,2,21:30,walk_in,standard,1,False,0.6626742795835001,99.880228387505,25.0,25,2497.005709687625,625.0,1872.0057096876249
2024-01-09,3,23:00,walk_in,standard,1,False,0.6626742795835001,99.880228387505,25.0,15,1498.203425812575,375.0,1123.203425812575
2024-01-10,1,20:00,OTA,standard,2,False,0.29565606356858476,88.86968190705754,25.0,16,1421.9149105129206,400.0,1021.9149105129206
2024-01-11,1,20:00,website,standard,3,False,0.640917215612449,99.22751646837347,25.0,14,1389.1852305572286,350.0,1039.1852305572286
2024-01-12,1,20:00,OTA,standard,4,False,0.3944375429060444,91.83312628718133,25.0,12,1101.9975154461758,300.0,801.9975154461758
2024-01-13,1,20:00,OTA,standard,5,True,0.6559140369543079,114.67742110862923,25.0,21,2408.225843281214,525.0,1883.225843281214
2024-01-13,2,21:30,walk_in,premium,5,True,0.6559140369543079,154.67742110862923,35.0,15,2320.1613166294383,525.0,1795.1613166294383
2024-01-14,1,20:00,website,standard,6,True,0.4562912614145658,108.68873784243698,25.0,15,1630.3310676365547,375.0,1255.3310676365547
2024-01-15,1,20:00,website,standard,0,False,0.6159982617409753,98.47994785222926,25.0,17,1674.1591134878975,425.0,1249.1591134878975
2024-01-15,2,21:30,OTA,standard,0,False,0.6159982617409753,98.47994785222926,25.0,14,1378.7192699312095,350.0,1028.7192699312095
2024-01-16,1,20:00,walk_in,standard,1,False,0.5017319074043944,95.05195722213183,25.0,12,1140.623486665582,300.0,840.623486665582
2024-01-16,2,21:30,website,premium,1,False,0.5017319074043944,135.05195722213182,35.0,6,810.3117433327909,210.0,600.3117433327909
2024-01-16,3,23:00,website,standard,1,False,0.5017319074043944,95.05195722213183,25.0,16,1520.8313155541093,400.0,1120.8313155541093
2024-01-17,1,20:00,OTA,standard,2,False,0.6986981898753468,100.96094569626041,25.0,16,1615.3751311401666,400.0,1215.3751311401666
2024-01-17,2,21:30,OTA,premium,2,False,0.6986981898753468,140.9609456962604,35.0,19,2678.257968228948,665.0,2013.257968228948
2024-01-17,3,23:00,OTA,standard,2,False,0.6986981898753468,100.96094569626041,25.0,13,1312.4922940513852,325.0,987.4922940513852
2024-01-18,1,20:00,OTA,standard,3,False,0.6618403654506949,99.85521096352085,25.0,18,1797.3937973433754,450.0,1347.3937973433754
2024-01-18,2,21:30,website,standard,3,False,0.6618403654506949,99.85521096352085,25.0,17,1697.5385863798545,425.0,1272.5385863798545
2024-01-18,3,23:00,OTA,premium,3,False,0.6618403654506949,139.85521096352085,35.0,15,2097.828164452813,525.0,1572.8281644528129
2024-01-19,1,20:00,website,premium,4,False,0.7478393669888056,142.43518100966418,35.0,12,1709.2221721159701,420.0,1289.2221721159701
2024-01-19,2,21:30,OTA,premium,4,False,0.7478393669888056,142.43518100966418,35.0,6,854.6110860579851,210.0,644.6110860579851
2024-01-20,1,20:00,walk_in,standard,5,True,0.6160796013111821,113.48238803933546,25.0,34,3858.401193337406,850.0,3008.401193337406
2024-01-21,1,20:00,OTA,standard,6,True,0.5671337163662457,112.01401149098737,25.0,18,2016.2522068377727,450.0,1566.2522068377727
2024-01-22,1,20:00,walk_in,standard,0,False,0.578362933780168,97.35088801340504,25.0,25,2433.772200335126,625.0,1808.772200335126
2024-01-22,2,21:30,website,standard,0,False,0.578362933780168,97.35088801340504,25.0,19,1849.6668722546958,475.0,1374.6668722546958
2024-01-23,1,20:00,OTA,standard,1,False,0.5971943206548601,97.9158296196458,25.0,11,1077.0741258161038,275.0,802.0741258161038
2024-01-24,1,20:00,website,standard,2,False,0.650617951958527,99.51853855875581,25.0,15,1492.778078381337,375.0,1117.778078381337
2024-01-25,1,20:00,OTA,standard,3,False,0.5911268503461116,97.73380551038335,25.0,14,1368.2732771453668,350.0,1018.2732771453668
2024-01-26,1,20:00,OTA,premium,4,False,0.39890116325726893,131.96703489771807,35.0,8,1055.7362791817445,280.0,775.7362791817445
2024-01-26,2,21:30,OTA,standard,4,False,0.39890116325726893,91.96703489771807,25.0,12,1103.6044187726168,300.0,803.6044187726168
2024-01-26,3,23:00,website,standard,4,False,0.39890116325726893,91.96703489771807,25.0,17,1563.4395932612072,425.0,1138.4395932612072
2024-01-27,1,20:00,website,premium,5,True,0.5668170040143412,152.00451012043024,35.0,13,1976.058631565593,455.0,1521.058631565593
2024-01-27,2,21:30,OTA,standard,5,True,0.5668170040143412,112.00451012043024,25.0,19,2128.0856922881744,475.0,1653.0856922881744
2024-01-27,3,23:00,walk_in,standard,5,True,0.5668170040143412,112.00451012043024,25.0,16,1792.0721619268838,400.0,1392.0721619268838
2024-01-28,1,20:00,website,premium,6,True,0.5950635500076469,152.8519065002294,35.0,16,2445.6305040036705,560.0,1885.6305040036705
2024-01-28,2,21:30,website,standard,6,True,0.5950635500076469,112.8519065002294,25.0,23,2595.5938495052765,575.0,2020.5938495052765
2024-01-28,3,23:00,OTA,standard,6,True,0.5950635500076469,112.8519065002294,25.0,30,3385.557195006882,750.0,2635.557195006882
2024-01-29,1,20:00,walk_in,premium,0,False,0.5864720648255917,137.59416194476773,35.0,9,1238.3474575029095,315.0,923.3474575029095
2024-01-29,2,21:30,OTA,standard,0,False,0.5864720648255917,97.59416194476775,25.0,12,1171.129943337213,300.0,871.129943337213
2024-01-29,3,23:00,website,standard,0,False,0.5864720648255917,97.59416194476775,25.0,14,1366.3182672267485,350.0,1016.3182672267485
2024-01-30,1,20:00,website,standard,1,False,0.7012905130126379,101.03871539037914,25.0,19,1919.7355924172036,475.0,1444.7355924172036
2024-01-30,2,21:30,walk_in,standard,1,False,0.7012905130126379,101.03871539037914,25.0,17,1717.6581616364454,425.0,1292.6581616364454
2024-01-30,3,23:00,walk_in,premium,1,False,0.7012905130126379,141.03871539037914,35.0,12,1692.4645846845497,420.0,1272.4645846845497
2024-02-01,1,20:00,website,standard,3,False,0.570222510396638,97.10667531189914,25.0,17,1650.8134803022854,425.0,1225.8134803022854
2024-02-02,1,20:00,OTA,standard,4,False,0.5571701657346824,96.71510497204048,25.0,17,1644.1567845246882,425.0,1219.1567845246882
2024-02-03,1,20:00,website,standard,5,True,0.5577116056463715,111.73134816939114,25.0,15,1675.970222540867,375.0,1300.970222540867
2024-02-03,2,21:30,website,premium,5,True,0.5577116056463715,151.73134816939114,35.0,14,2124.238874371476,490.0,1634.238874371476
2024-02-04,1,20:00,website,standard,6,True,0.7194654598017413,116.58396379405224,25.0,28,3264.3509862334627,700.0,2564.3509862334627
2024-02-04,2,21:30,website,premium,6,True,0.7194654598017413,156.58396379405224,35.0,12,1879.0075655286269,420.0,1459.0075655286269
2024-02-05,1,20:00,walk_in,premium,0,False,0.5545256833216702,136.6357704996501,35.0,9,1229.721934496851,315.0,914.721934496851
2024-02-05,2,21:30,website,premium,0,False,0.5545256833216702,136.6357704996501,35.0,4,546.5430819986004,140.0,406.5430819986004
2024-02-06,1,20:00,OTA,premium,1,False,0.8027340910376859,144.08202273113056,35.0,13,1873.0662955046973,455.0,1418.0662955046973
2024-02-06,2,21:30,website,premium,1,False,0.8027340910376859,144.08202273113056,35.0,13,1873.0662955046973,455.0,1418.0662955046973
2024-02-06,3,23:00,website,standard,1,False,0.8027340910376859,104.08202273113058,25.0,24,2497.968545547134,600.0,1897.968545547134
2024-02-07,1,20:00,walk_in,standard,2,False,0.27884083327163034,88.3652249981489,25.0,4,353.4608999925956,100.0,253.4608999925956
2024-02-08,1,20:00,walk_in,standard,3,False,0.43600819322923967,93.0802457968772,25.0,10,930.8024579687719,250.0,680.8024579687719
2024-02-08,2,21:30,website,standard,3,False,0.43600819322923967,93.0802457968772,25.0,10,930.8024579687719,250.0,680.8024579687719
2024-02-09,1,20:00,website,standard,4,False,0.8622986071831693,105.86895821549508,25.0,23,2434.986038956387,575.0,1859.986038956387
2024-02-09,2,21:30,OTA,standard,4,False,0.8622986071831693,105.86895821549508,25.0,31,3281.9377046803475,775.0,2506.9377046803475
2024-02-10,1,20:00,OTA,premium,5,True,0.71776091413403,156.5328274240209,35.0,19,2974.123721056397,665.0,2309.123721056397
2024-02-10,2,21:30,website,premium,5,True,0.71776091413403,156.5328274240209,35.0,8,1252.2626193921672,280.0,972.2626193921672
2024-02-11,1,20:00,website,standard,6,True,0.7227899550250608,116.68369865075182,25.0,26,3033.776164919547,650.0,2383.776164919547
2024-02-11,2,21:30,OTA,premium,6,True,0.7227899550250608,156.68369865075184,35.0,18,2820.306575713533,630.0,2190.306575713533
2024-02-12,1,20:00,website,standard,0,False,0.48001089144020137,94.40032674320604,25.0,13,1227.2042476616784,325.0,902.2042476616784
2024-02-13,1,20:00,OTA,standard,1,False,0.604905853932439,98.14717561797318,25.0,14,1374.0604586516245,350.0,1024.0604586516245
2024-02-13,2,21:30,walk_in,standard,1,False,0.604905853932439,98.14717561797318,25.0,20,1962.9435123594635,500.0,1462.9435123594635
2024-02-13,3,23:00,walk_in,standard,1,False,0.604905853932439,98.14717561797318,25.0,12,1177.766107415678,300.0,877.7661074156781
2024-02-14,1,20:00,website,standard,2,False,0.5963719483328328,97.89115844998499,25.0,13,1272.5850598498048,325.0,947.5850598498048
2024-02-14,2,21:30,OTA,standard,2,False,0.5963719483328328,97.89115844998499,25.0,15,1468.3673767497748,375.0,1093.3673767497748
2024-02-15,1,20:00,OTA,standard,3,False,0.3152479247178395,89.45743774153519,25.0,7,626.2020641907463,175.0,451.20206419074634
2024-02-15,2,21:30,OTA,standard,3,False,0.3152479247178395,89.45743774153519,25.0,10,894.5743774153518,250.0,644.5743774153518
2024-02-16,1,20:00,OTA,standard,4,False,0.5629785606243449,96.88935681873035,25.0,18,1744.0084227371462,450.0,1294.0084227371462
2024-02-17,1,20:00,walk_in,premium,5,True,0.554827919828763,151.64483759486288,35.0,17,2577.962239112669,595.0,1982.962239112669
2024-02-17,2,21:30,website,premium,5,True,0.554827919828763,151.64483759486288,35.0,19,2881.2519143023947,665.0,2216.2519143023947
2024-02-17,3,23:00,website,premium,5,True,0.554827919828763,151.64483759486288,35.0,11,1668.0932135434916,385.0,1283.0932135434916
2024-02-18,1,20:00,website,standard,6,True,0.6161968484830158,113.48590545449048,25.0,27,3064.1194472712427,675.0,2389.1194472712427
2024-02-18,2,21:30,walk_in,premium,6,True,0.6161968484830158,153.48590545449048,35.0,14,2148.802676362867,490.0,1658.8026763628668
2024-02-19,1,20:00,website,standard,0,False,0.49190771687751145,94.75723150632534,25.0,15,1421.3584725948801,375.0,1046.3584725948801
2024-02-19,2,21:30,OTA,standard,0,False,0.49190771687751145,94.75723150632534,25.0,17,1610.8729356075307,425.0,1185.8729356075307
2024-02-19,3,23:00,website,standard,0,False,0.49190771687751145,94.75723150632534,25.0,17,1610.8729356075307,425.0,1185.8729356075307
2024-02-20,1,20:00,walk_in,standard,1,False,0.564584910421784,96.93754731265352,25.0,12,1163.2505677518423,300.0,863.2505677518423
2024-02-20,2,21:30,website,premium,1,False,0.564584910421784,136.93754731265352,35.0,8,1095.5003785012282,280.0,815.5003785012282
2024-02-20,3,23:00,website,standard,1,False,0.564584910421784,96.93754731265352,25.0,18,1744.8758516277635,450.0,1294.8758516277635
2024-02-21,1,20:00,website,standard,2,False,0.7592646891893633,102.7779406756809,25.0,19,1952.780872837937,475.0,1477.780872837937
2024-02-21,2,21:30,website,standard,2,False,0.7592646891893633,102.7779406756809,25.0,16,1644.4470508108943,400.0,1244.4470508108943
2024-02-22,1,20:00,OTA,standard,3,False,0.5746107091156577,97.23832127346972,25.0,16,1555.8131403755156,400.0,1155.8131403755156
2024-02-23,1,20:00,website,standard,4,False,0.5841560630816099,97.5246818924483,25.0,14,1365.3455464942763,350.0,1015.3455464942763
2024-02-24,1,20:00,website,standard,5,True,0.7252566555184121,116.75769966555237,25.0,27,3152.457890969914,675.0,2477.457890969914
2024-02-24,2,21:30,OTA,premium,5,True,0.7252566555184121,156.75769966555237,35.0,13,2037.8500956521807,455.0,1582.8500956521807
2024-02-25,1,20:00,website,premium,6,True,0.4261935196759643,147.78580559027893,35.0,9,1330.0722503125103,315.0,1015.0722503125103
2024-02-26,1,20:00,OTA,standard,0,False,0.4736580489407052,94.20974146822115,25.0,16,1507.3558634915385,400.0,1107.3558634915385
2024-02-26,2,21:30,OTA,standard,0,False,0.4736580489407052,94.20974146822115,25.0,12,1130.5168976186537,300.0,830.5168976186537
2024-02-26,3,23:00,website,standard,0,False,0.4736580489407052,94.20974146822115,25.0,15,1413.1461220233173,375.0,1038.1461220233173
2024-02-27,1,20:00,OTA,standard,1,False,0.513850388218404,95.41551164655212,25.0,14,1335.8171630517297,350.0,985.8171630517297
2024-02-28,1,20:00,OTA,premium,2,False,0.7305581243406895,141.91674373022067,35.0,7,993.4172061115447,245.0,748.4172061115447
2024-02-28,2,21:30,website,premium,2,False,0.7305581243406895,141.91674373022067,35.0,16,2270.667899683531,560.0,1710.6678996835308
2024-02-28,3,23:00,OTA,standard,2,False,0.7305581243406895,101.91674373022069,25.0,17,1732.5846434137518,425.0,1307.5846434137518
2024-02-29,1,20:00,walk_in,standard,3,False,0.48114457352647916,94.43433720579438,25.0,14,1322.0807208811214,350.0,972.0807208811214
2024-02-29,2,21:30,website,premium,3,False,0.48114457352647916,134.43433720579438,35.0,10,1344.3433720579437,350.0,994.3433720579437
2024-03-01,1,20:00,OTA,standard,4,False,0.5745705982061345,97.23711794618404,25.0,13,1264.0825333003925,325.0,939.0825333003925
2024-03-01,2,21:30,OTA,standard,4,False,0.5745705982061345,97.23711794618404,25.0,22,2139.216594816049,550.0,1589.216594816049
2024-03-01,3,23:00,website,standard,4,False,0.5745705982061345,97.23711794618404,25.0,17,1653.0310050851288,425.0,1228.0310050851288
2024-03-02,1,20:00,OTA,standard,5,True,0.4346190678002644,108.03857203400793,25.0,21,2268.8100127141665,525.0,1743.8100127141665
2024-03-02,2,21:30,walk_in,standard,5,True,0.4346190678002644,108.03857203400793,25.0,17,1836.6557245781348,425.0,1411.6557245781348
2024-03-03,1,20:00,website,premium,6,True,0.6160197799405642,153.4805933982169,35.0,18,2762.6506811679046,630.0,2132.6506811679046
2024-03-03,2,21:30,website,premium,6,True,0.6160197799405642,153.4805933982169,35.0,12,1841.767120778603,420.0,1421.767120778603
2024-03-04,1,20:00,website,standard,0,False,0.5870051306105992,97.61015391831798,25.0,18,1756.9827705297237,450.0,1306.9827705297237
2024-03-05,1,20:00,website,standard,1,False,0.6363846675594107,99.09154002678233,25.0,14,1387.2815603749525,350.0,1037.2815603749525
2024-03-05,2,21:30,OTA,standard,1,False,0.6363846675594107,99.09154002678233,25.0,14,1387.2815603749525,350.0,1037.2815603749525
2024-03-07,1,20:00,website,premium,3,False,0.6333790981251224,139.00137294375367,35.0,8,1112.0109835500293,280.0,832.0109835500293
2024-03-07,2,21:30,walk_in,premium,3,False,0.6333790981251224,139.00137294375367,35.0,11,1529.0151023812903,385.0,1144.0151023812903
2024-03-08,1,20:00,OTA,standard,4,False,0.44400040836047155,93.32001225081414,25.0,6,559.9200735048848,150.0,409.92007350488484
2024-03-08,2,21:30,OTA,premium,4,False,0.44400040836047155,133.32001225081416,35.0,7,933.240085755699,245.0,688.240085755699
2024-03-08,3,23:00,walk_in,premium,4,False,0.44400040836047155,133.32001225081416,35.0,5,666.6000612540709,175.0,491.60006125407085
2024-03-09,1,20:00,OTA,standard,5,True,0.6135539644035123,113.40661893210537,25.0,27,3061.978711166845,675.0,2386.978711166845
2024-03-09,2,21:30,OTA,premium,5,True,0.6135539644035123,153.40661893210537,35.0,16,2454.505902913686,560.0,1894.505902913686
2024-03-10,1,20:00,OTA,standard,6,True,0.6052113104644159,113.15633931393248,25.0,23,2602.595804220447,575.0,2027.595804220447
2024-03-10,2,21:30,website,standard,6,True,0.6052113104644159,113.15633931393248,25.0,17,1923.657768336852,425.0,1498.657768336852
2024-03-11,1,20:00,website,standard,0,False,0.49733810949525176,94.92014328485755,25.0,13,1233.9618627031482,325.0,908.9618627031482
2024-03-12,1,20:00,walk_in,standard,1,False,0.5746458604960574,97.23937581488173,25.0,21,2042.0268921125162,525.0,1517.0268921125162
2024-03-13,1,20:00,website,premium,2,False,0.6556490674121841,139.6694720223655,35.0,12,1676.033664268386,420.0,1256.033664268386
2024-03-14,1,20:00,website,premium,3,False,0.5829344655130544,137.48803396539162,35.0,13,1787.344441550091,455.0,1332.344441550091
2024-03-15,1,20:00,website,standard,4,False,0.6093129880568564,98.27938964170569,25.0,15,1474.1908446255854,375.0,1099.1908446255854
2024-03-15,2,21:30,website,standard,4,False,0.6093129880568564,98.27938964170569,25.0,16,1572.470234267291,400.0,1172.470234267291
2024-03-16,1,20:00,website,standard,5,True,0.4775942634481222,109.32782790344366,25.0,15,1639.917418551655,375.0,1264.917418551655
2024-03-17,1,20:00,OTA,standard,6,True,0.6602188964392253,114.80656689317675,25.0,37,4247.84297504754,925.0,3322.8429750475398
2024-03-18,1,20:00,website,standard,0,False,0.5703392191279003,97.11017657383701,25.0,12,1165.322118886044,300.0,865.3221188860441
2024-03-18,2,21:30,website,standard,0,False,0.5703392191279003,97.11017657383701,25.0,22,2136.4238846244143,550.0,1586.4238846244143
2024-03-18,3,23:00,website,premium,0,False,0.5703392191279003,137.110176573837,35.0,6,822.661059443022,210.0,612.661059443022
2024-03-19,1,20:00,website,standard,1,False,0.6531942387625678,99.59582716287703,25.0,18,1792.7248889317866,450.0,1342.7248889317866
2024-03-20,1,20:00,OTA,premium,2,False,0.6853273679386234,140.5598210381587,35.0,7,983.9187472671109,245.0,738.9187472671109
2024-03-20,2,21:30,OTA,standard,2,False,0.6853273679386234,100.5598210381587,25.0,12,1206.7178524579044,300.0,906.7178524579044
2024-03-21,1,20:00,website,standard,3,False,0.632520763802064,98.97562291406192,25.0,16,1583.6099666249906,400.0,1183.6099666249906
2024-03-21,2,21:30,walk_in,premium,3,False,0.632520763802064,138.97562291406192,35.0,8,1111.8049833124953,280.0,831.8049833124953
2024-03-21,3,23:00,website,standard,3,False,0.632520763802064,98.97562291406192,25.0,17,1682.5855895390525,425.0,1257.5855895390525
2024-03-22,1,20:00,website,standard,4,False,0.5089913301434076,95.26973990430223,25.0,16,1524.3158384688356,400.0,1124.3158384688356
2024-03-23,1,20:00,OTA,standard,5,True,0.6132033292924095,113.39609987877229,25.0,21,2381.318097454218,525.0,1856.3180974542179
2024-03-23,2,21:30,walk_in,standard,5,True,0.6132033292924095,113.39609987877229,25.0,20,2267.921997575446,500.0,1767.9219975754459
2024-03-24,1,20:00,OTA,standard,6,True,0.450293424498471,108.50880273495413,25.0,21,2278.6848574340365,525.0,1753.6848574340365
2024-03-26,1,20:00,website,standard,1,False,0.7164477288990836,101.49343186697251,25.0,20,2029.8686373394503,500.0,1529.8686373394503
2024-03-26,2,21:30,website,standard,1,False,0.7164477288990836,101.49343186697251,25.0,22,2232.8555010733953,550.0,1682.8555010733953
2024-03-27,1,20:00,website,premium,2,False,0.5874520324410033,137.6235609732301,35.0,9,1238.6120487590708,315.0,923.6120487590708
2024-03-27,2,21:30,OTA,standard,2,False,0.5874520324410033,97.6235609732301,25.0,21,2050.094780437832,525.0,1525.094780437832
2024-03-27,3,23:00,OTA,standard,2,False,0.5874520324410033,97.6235609732301,25.0,14,1366.7298536252215,350.0,1016.7298536252215
2024-03-29,1,20:00,website,premium,4,False,0.35397416504248275,130.61922495127448,35.0,4,522.4768998050979,140.0,382.4768998050979
2024-03-30,1,20:00,website,standard,5,True,0.7106942637414023,116.32082791224207,25.0,20,2326.4165582448413,500.0,1826.4165582448413
2024-03-30,2,21:30,website,standard,5,True,0.7106942637414023,116.32082791224207,25.0,35,4071.2289769284725,875.0,3196.2289769284725
2024-04-02,1,20:00,OTA,standard,1,False,0.8234178667006651,104.70253600101995,25.0,21,2198.753256021419,525.0,1673.753256021419
2024-04-02,2,21:30,website,standard,1,False,0.8234178667006651,104.70253600101995,25.0,19,1989.348184019379,475.0,1514.348184019379
2024-04-04,1,20:00,website,standard,3,False,0.5125262322320496,95.37578696696148,25.0,14,1335.2610175374607,350.0,985.2610175374607
2024-04-04,2,21:30,OTA,standard,3,False,0.5125262322320496,95.37578696696148,25.0,17,1621.3883784383452,425.0,1196.3883784383452
2024-04-04,3,23:00,OTA,standard,3,False,0.5125262322320496,95.37578696696148,25.0,13,1239.8852305704993,325.0,914.8852305704993
2024-04-05,1,20:00,walk_in,premium,4,False,0.8303639492765138,144.9109184782954,35.0,11,1594.0201032612495,385.0,1209.0201032612495
2024-04-05,2,21:30,OTA,premium,4,False,0.8303639492765138,144.9109184782954,35.0,18,2608.396532609317,630.0,1978.396532609317
2024-04-06,1,20:00,website,standard,5,True,0.6242013450849445,113.72604035254834,25.0,20,2274.5208070509666,500.0,1774.5208070509666
2024-04-06,2,21:30,OTA,standard,5,True,0.6242013450849445,113.72604035254834,25.0,24,2729.42496846116,600.0,2129.42496846116
2024-04-07,1,20:00,website,standard,6,True,0.6810001964755709,115.43000589426713,25.0,20,2308.6001178853426,500.0,1808.6001178853426
2024-04-08,1,20:00,OTA,standard,0,False,0.4349867330540036,93.04960199162011,25.0,4,372.19840796648043,100.0,272.19840796648043
2024-04-10,1,20:00,OTA,standard,2,False,0.6288240984232752,98.86472295269826,25.0,10,988.6472295269825,250.0,738.6472295269825
2024-04-11,1,20:00,OTA,standard,3,False,0.7226823163877116,101.68046949163136,25.0,16,1626.8875118661017,400.0,1226.8875118661017
2024-04-11,2,21:30,website,premium,3,False,0.7226823163877116,141.68046949163136,35.0,8,1133.4437559330509,280.0,853.4437559330509
2024-04-12,1,20:00,OTA,premium,4,False,0.6744379343361447,140.23313803008435,35.0,12,1682.7976563610123,420.0,1262.7976563610123
2024-04-12,2,21:30,website,standard,4,False,0.6744379343361447,100.23313803008435,25.0,19,1904.4296225716025,475.0,1429.4296225716025
2024-04-13,1,20:00,website,premium,5,True,0.604491707231223,153.1347512169367,35.0,13,1990.7517658201773,455.0,1535.7517658201773
2024-04-14,1,20:00,website,standard,6,True,0.7468413194993679,117.40523958498105,25.0,17,1995.8890729446778,425.0,1570.8890729446778
2024-04-14,2,21:30,OTA,premium,6,True,0.7468413194993679,157.40523958498105,35.0,15,2361.0785937747155,525.0,1836.0785937747155
2024-04-15,1,20:00,website,standard,0,False,0.7093789412601983,101.28136823780595,25.0,17,1721.7832600427012,425.0,1296.7832600427012
2024-04-15,2,21:30,website,standard,0,False,0.7093789412601983,101.28136823780595,25.0,17,1721.7832600427012,425.0,1296.7832600427012
2024-04-16,1,20:00,website,standard,1,False,0.5301370802478497,95.90411240743549,25.0,18,1726.2740233338388,450.0,1276.2740233338388
2024-04-16,2,21:30,website,standard,1,False,0.5301370802478497,95.90411240743549,25.0,16,1534.4657985189679,400.0,1134.4657985189679
2024-04-17,1,20:00,website,standard,2,False,0.43765122946702234,93.12953688401068,25.0,13,1210.6839794921389,325.0,885.6839794921389
2024-04-18,1,20:00,website,standard,3,False,0.383724627912145,91.51173883736435,25.0,15,1372.6760825604651,375.0,997.6760825604651
2024-04-18,2,21:30,OTA,standard,3,False,0.383724627912145,91.51173883736435,25.0,9,823.6056495362791,225.0,598.6056495362791
2024-04-19,1,20:00,walk_in,premium,4,False,0.7324189172767607,141.9725675183028,35.0,16,2271.561080292845,560.0,1711.561080292845
2024-04-19,2,21:30,website,standard,4,False,0.7324189172767607,101.97256751830282,25.0,15,1529.5885127745423,375.0,1154.5885127745423
2024-04-19,3,23:00,walk_in,premium,4,False,0.7324189172767607,141.9725675183028,35.0,18,2555.5062153294507,630.0,1925.5062153294507
2024-04-20,1,20:00,OTA,standard,5,True,0.6387429378444169,114.16228813533252,25.0,19,2169.0834745713178,475.0,1694.0834745713178
2024-04-22,1,20:00,website,standard,0,False,0.5812158774592198,97.43647632377659,25.0,24,2338.4754317706384,600.0,1738.4754317706384
2024-04-22,2,21:30,website,standard,0,False,0.5812158774592198,97.43647632377659,25.0,9,876.9282869139893,225.0,651.9282869139893
2024-04-22,3,23:00,walk_in,standard,0,False,0.5812158774592198,97.43647632377659,25.0,18,1753.8565738279785,450.0,1303.8565738279785
2024-04-23,1,20:00,OTA,standard,1,False,0.7614278207224218,102.84283462167265,25.0,17,1748.328188568435,425.0,1323.328188568435
2024-04-23,2,21:30,website,standard,1,False,0.7614278207224218,102.84283462167265,25.0,10,1028.4283462167266,250.0,778.4283462167266
2024-04-24,1,20:00,website,premium,2,False,0.36653820146162364,130.9961460438487,35.0,12,1571.9537525261844,420.0,1151.9537525261844
2024-04-24,2,21:30,OTA,premium,2,False,0.36653820146162364,130.9961460438487,35.0,6,785.9768762630922,210.0,575.9768762630922
2024-04-25,1,20:00,walk_in,standard,3,False,0.6527134655593975,99.58140396678192,25.0,10,995.8140396678192,250.0,745.8140396678192
2024-04-25,2,21:30,website,standard,3,False,0.6527134655593975,99.58140396678192,25.0,14,1394.139655534947,350.0,1044.139655534947
2024-04-26,1,20:00,website,premium,4,False,0.4585263751887337,133.75579125566202,35.0,5,668.77895627831,175.0,493.77895627831003
2024-04-26,2,21:30,OTA,standard,4,False,0.4585263751887337,93.75579125566202,25.0,12,1125.0694950679442,300.0,825.0694950679442
2024-04-26,3,23:00,website,premium,4,False,0.4585263751887337,133.75579125566202,35.0,6,802.5347475339721,210.0,592.5347475339721
2024-04-27,1,20:00,walk_in,standard,5,True,0.6277289406876777,113.83186822063033,25.0,26,2959.6285737363887,650.0,2309.6285737363887
2024-04-28,1,20:00,OTA,standard,6,True,0.42557101877960624,107.76713056338819,25.0,19,2047.5754807043757,475.0,1572.5754807043757
2024-04-29,1,20:00,website,standard,0,False,0.6380908458865363,99.14272537659609,25.0,18,1784.5690567787296,450.0,1334.5690567787296
2024-04-29,2,21:30,walk_in,standard,0,False,0.6380908458865363,99.14272537659609,25.0,14,1387.9981552723452,350.0,1037.9981552723452
2024-04-30,1,20:00,walk_in,standard,1,False,0.536922850886196,96.10768552658588,25.0,18,1729.938339478546,450.0,1279.938339478546
2024-04-30,2,21:30,OTA,premium,1,False,0.536922850886196,136.10768552658587,35.0,5,680.5384276329294,175.0,505.53842763292937
2024-04-30,3,23:00,OTA,standard,1,False,0.536922850886196,96.10768552658588,25.0,15,1441.6152828987883,375.0,1066.6152828987883
2024-05-01,1,20:00,OTA,premium,2,False,0.5239530767067284,135.71859230120185,35.0,4,542.8743692048074,140.0,402.8743692048074
2024-05-01,2,21:30,OTA,standard,2,False,0.5239530767067284,95.71859230120185,25.0,10,957.1859230120185,250.0,707.1859230120185
2024-05-01,3,23:00,walk_in,standard,2,False,0.5239530767067284,95.71859230120185,25.0,21,2010.090438325239,525.0,1485.090438325239
2024-05-02,1,20:00,walk_in,standard,3,False,0.35487273013260984,90.64618190397829,25.0,10,906.4618190397829,250.0,656.4618190397829
2024-05-02,2,21:30,website,premium,3,False,0.35487273013260984,130.6461819039783,35.0,6,783.8770914238697,210.0,573.8770914238697
2024-05-03,1,20:00,website,standard,4,False,0.6957464284275013,100.87239285282504,25.0,16,1613.9582856452007,400.0,1213.9582856452007
2024-05-03,2,21:30,OTA,standard,4,False,0.6957464284275013,100.87239285282504,25.0,20,2017.4478570565009,500.0,1517.4478570565009
2024-05-03,3,23:00,website,premium,4,False,0.6957464284275013,140.87239285282504,35.0,12,1690.4687142339005,420.0,1270.4687142339005
2024-05-04,1,20:00,OTA,premium,5,True,0.4915907717360391,149.74772315208116,35.0,16,2395.9635704332986,560.0,1835.9635704332986
2024-05-04,2,21:30,walk_in,standard,5,True,0.4915907717360391,109.74772315208118,25.0,25,2743.6930788020295,625.0,2118.6930788020295
2024-05-06,1,20:00,website,premium,0,False,0.3599898036431223,130.79969410929368,35.0,2,261.59938821858736,70.0,191.59938821858736
2024-05-06,2,21:30,website,standard,0,False,0.3599898036431223,90.79969410929367,25.0,11,998.7966352022304,275.0,723.7966352022304
2024-05-08,1,20:00,website,premium,2,False,0.6020054201406695,138.0601626042201,35.0,18,2485.0829268759617,630.0,1855.0829268759617
2024-05-09,1,20:00,website,standard,3,False,0.6379613070156598,99.1388392104698,25.0,23,2280.1933018408054,575.0,1705.1933018408054
2024-05-09,2,21:30,website,premium,3,False,0.6379613070156598,139.1388392104698,35.0,20,2782.776784209396,700.0,2082.776784209396
2024-05-10,1,20:00,website,standard,4,False,0.3855478373519887,91.56643512055966,25.0,14,1281.9300916878353,350.0,931.9300916878353
2024-05-10,2,21:30,website,premium,4,False,0.3855478373519887,131.56643512055967,35.0,5,657.8321756027983,175.0,482.8321756027983
2024-05-10,3,23:00,walk_in,premium,4,False,0.3855478373519887,131.56643512055967,35.0,6,789.398610723358,210.0,579.398610723358
2024-05-11,1,20:00,walk_in,standard,5,True,0.6425229716106338,114.27568914831902,25.0,28,3199.7192961529327,700.0,2499.7192961529327
2024-05-11,2,21:30,website,standard,5,True,0.6425229716106338,114.27568914831902,25.0,23,2628.340850411337,575.0,2053.340850411337
2024-05-12,1,20:00,OTA,premium,6,True,0.6693428301646813,155.08028490494044,35.0,14,2171.123988669166,490.0,1681.123988669166
2024-05-12,2,21:30,website,premium,6,True,0.6693428301646813,155.08028490494044,35.0,6,930.4817094296427,210.0,720.4817094296427
2024-05-12,3,23:00,website,standard,6,True,0.6693428301646813,115.08028490494044,25.0,24,2761.926837718571,600.0,2161.926837718571
2024-05-13,1,20:00,website,premium,0,False,0.6365019787020769,139.0950593610623,35.0,10,1390.9505936106232,350.0,1040.9505936106232
2024-05-13,2,21:30,walk_in,standard,0,False,0.6365019787020769,99.09505936106231,25.0,15,1486.4258904159346,375.0,1111.4258904159346
2024-05-14,1,20:00,walk_in,premium,1,False,0.388297593021728,131.64892779065184,35.0,9,1184.8403501158666,315.0,869.8403501158666
2024-05-14,2,21:30,website,standard,1,False,0.388297593021728,91.64892779065184,25.0,11,1008.1382056971702,275.0,733.1382056971702
2024-05-14,3,23:00,website,standard,1,False,0.388297593021728,91.64892779065184,25.0,13,1191.436061278474,325.0,866.436061278474
2024-05-15,1,20:00,OTA,standard,2,False,0.5529096961856017,96.58729088556805,25.0,23,2221.507690368065,575.0,1646.5076903680651
2024-05-17,1,20:00,website,standard,4,False,0.6818517782658625,100.45555334797588,25.0,17,1707.74440691559,425.0,1282.74440691559
2024-05-18,1,20:00,website,premium,5,True,0.6301194924817269,153.90358477445182,35.0,11,1692.93943251897,385.0,1307.93943251897
2024-05-19,1,20:00,website,standard,6,True,0.49483399082304746,109.84501972469143,25.0,21,2306.7454142185197,525.0,1781.7454142185197
2024-05-20,1,20:00,website,premium,0,False,0.5105290843977449,135.31587253193234,35.0,5,676.5793626596617,175.0,501.5793626596617
2024-05-20,2,21:30,walk_in,standard,0,False,0.5105290843977449,95.31587253193234,25.0,12,1143.7904703831882,300.0,843.7904703831882
2024-05-21,1,20:00,website,standard,1,False,0.5728310863264375,97.18493258979312,25.0,14,1360.5890562571037,350.0,1010.5890562571037
2024-05-23,1,20:00,website,premium,3,False,0.5884445215029965,137.6533356450899,35.0,8,1101.2266851607192,280.0,821.2266851607192
2024-05-23,2,21:30,OTA,standard,3,False,0.5884445215029965,97.6533356450899,25.0,17,1660.1067059665284,425.0,1235.1067059665284
2024-05-24,1,20:00,website,premium,4,False,0.4468600139509004,133.405800418527,35.0,5,667.029002092635,175.0,492.029002092635
2024-05-25,1,20:00,walk_in,premium,5,True,0.4383324564789627,148.14997369436887,35.0,10,1481.4997369436887,350.0,1131.4997369436887
2024-05-25,2,21:30,OTA,standard,5,True,0.4383324564789627,108.14997369436888,25.0,18,1946.69952649864,450.0,1496.69952649864
2024-05-25,3,23:00,OTA,premium,5,True,0.4383324564789627,148.14997369436887,35.0,11,1629.6497106380575,385.0,1244.6497106380575
2024-05-27,1,20:00,website,standard,0,False,0.47970172822705914,94.39105184681178,25.0,8,755.1284147744942,200.0,555.1284147744942
2024-05-27,2,21:30,walk_in,standard,0,False,0.47970172822705914,94.39105184681178,25.0,20,1887.8210369362355,500.0,1387.8210369362355
2024-05-28,1,20:00,OTA,standard,1,False,0.6636012587077167,99.9080377612315,25.0,19,1898.2527174633985,475.0,1423.2527174633985
2024-05-29,1,20:00,website,standard,2,False,0.4517484389610035,93.5524531688301,25.0,11,1029.076984857131,275.0,754.076984857131
2024-05-29,2,21:30,OTA,standard,2,False,0.4517484389610035,93.5524531688301,25.0,10,935.524531688301,250.0,685.524531688301
2024-05-29,3,23:00,walk_in,standard,2,False,0.4517484389610035,93.5524531688301,25.0,17,1590.3917038701118,425.0,1165.3917038701118
2024-05-30,1,20:00,walk_in,standard,3,False,0.5655390430502301,96.9661712915069,25.0,20,1939.323425830138,500.0,1439.323425830138
2024-05-30,2,21:30,website,standard,3,False,0.5655390430502301,96.9661712915069,25.0,22,2133.2557684131516,550.0,1583.2557684131516
2024-05-31,1,20:00,website,standard,4,False,0.721620939046461,101.64862817139382,25.0,19,1931.3239352564826,475.0,1456.3239352564826
2024-05-31,2,21:30,website,premium,4,False,0.721620939046461,141.64862817139382,35.0,17,2408.026678913695,595.0,1813.026678913695
2024-06-01,1,20:00,OTA,premium,5,True,0.49776342821894654,149.9329028465684,35.0,9,1349.3961256191155,315.0,1034.3961256191155
2024-06-01,2,21:30,OTA,premium,5,True,0.49776342821894654,149.9329028465684,35.0,11,1649.2619313122523,385.0,1264.2619313122523
2024-06-01,3,23:00,walk_in,premium,5,True,0.49776342821894654,149.9329028465684,35.0,14,2099.0606398519576,490.0,1609.0606398519576
2024-06-02,1,20:00,website,premium,6,True,0.5800645196109725,152.40193558832917,35.0,14,2133.627098236608,490.0,1643.6270982366082
2024-06-02,2,21:30,walk_in,standard,6,True,0.5800645196109725,112.40193558832917,25.0,18,2023.234840589925,450.0,1573.234840589925
2024-06-03,1,20:00,website,premium,0,False,0.4895117174081732,134.68535152224518,35.0,5,673.4267576112259,175.0,498.42675761122587
2024-06-04,1,20:00,OTA,standard,1,False,0.5140604388667818,95.42181316600346,25.0,12,1145.0617579920415,300.0,845.0617579920415
2024-06-04,2,21:30,website,standard,1,False,0.5140604388667818,95.42181316600346,25.0,20,1908.4362633200692,500.0,1408.4362633200692
2024-06-04,3,23:00,website,premium,1,False,0.5140604388667818,135.42181316600346,35.0,7,947.9526921620243,245.0,702.9526921620243
2024-06-05,1,20:00,website,standard,2,False,0.5041547787776123,95.12464336332837,25.0,18,1712.2435805399107,450.0,1262.2435805399107
2024-06-05,2,21:30,website,premium,2,False,0.5041547787776123,135.12464336332837,35.0,7,945.8725035432986,245.0,700.8725035432986
2024-06-06,1,20:00,website,standard,3,False,0.5013831601802194,95.04149480540659,25.0,10,950.4149480540659,250.0,700.4149480540659
2024-06-06,2,21:30,OTA,standard,3,False,0.5013831601802194,95.04149480540659,25.0,17,1615.7054116919119,425.0,1190.7054116919119
2024-06-07,1,20:00,OTA,standard,4,False,0.8830835809636285,106.49250742890885,25.0,14,1490.8951040047239,350.0,1140.8951040047239
2024-06-07,2,21:30,website,standard,4,False,0.8830835809636285,106.49250742890885,25.0,19,2023.3576411492681,475.0,1548.3576411492681
2024-06-08,1,20:00,website,standard,5,True,0.6190064669374982,113.57019400812494,25.0,24,2725.6846561949988,600.0,2125.6846561949988
2024-06-08,2,21:30,OTA,standard,5,True,0.6190064669374982,113.57019400812494,25.0,22,2498.5442681787486,550.0,1948.5442681787486
2024-06-08,3,23:00,website,standard,5,True,0.6190064669374982,113.57019400812494,25.0,34,3861.386596276248,850.0,3011.386596276248
2024-06-09,1,20:00,website,standard,6,True,0.6539854650329987,114.61956395098996,25.0,20,2292.391279019799,500.0,1792.3912790197992
2024-06-10,1,20:00,website,standard,0,False,0.6028229226207322,98.08468767862198,25.0,19,1863.6090658938176,475.0,1388.6090658938176
2024-06-11,1,20:00,walk_in,standard,1,False,0.6476841838365355,99.43052551509606,25.0,20,1988.6105103019213,500.0,1488.6105103019213
2024-06-12,1,20:00,walk_in,standard,2,False,0.6178846367226039,98.53653910167812,25.0,19,1872.1942429318842,475.0,1397.1942429318842
2024-06-12,2,21:30,website,standard,2,False,0.6178846367226039,98.53653910167812,25.0,10,985.3653910167811,250.0,735.3653910167811
2024-06-12,3,23:00,website,standard,2,False,0.6178846367226039,98.53653910167812,25.0,17,1675.121164728528,425.0,1250.121164728528
2024-06-13,1,20:00,walk_in,standard,3,False,0.704720851549036,101.14162554647108,25.0,21,2123.9741364758925,525.0,1598.9741364758925
2024-06-13,2,21:30,website,standard,3,False,0.704720851549036,101.14162554647108,25.0,18,1820.5492598364795,450.0,1370.5492598364795
2024-06-14,1,20:00,website,standard,4,False,0.6654172162176495,99.96251648652948,25.0,26,2599.0254286497666,650.0,1949.0254286497666
2024-06-14,2,21:30,walk_in,premium,4,False,0.6654172162176495,139.9625164865295,35.0,7,979.7376154057065,245.0,734.7376154057065
2024-06-14,3,23:00,website,standard,4,False,0.6654172162176495,99.96251648652948,25.0,20,1999.2503297305896,500.0,1499.2503297305896
2024-06-15,1,20:00,OTA,standard,5,True,0.7105451719223388,116.31635515767016,25.0,27,3140.5415892570945,675.0,2465.5415892570945
2024-06-15,2,21:30,OTA,premium,5,True,0.7105451719223388,156.31635515767016,35.0,11,1719.4799067343718,385.0,1334.4799067343718
2024-06-16,1,20:00,walk_in,standard,6,True,0.6830339053075076,115.49101715922524,25.0,27,3118.2574632990813,675.0,2443.2574632990813
2024-06-17,1,20:00,OTA,standard,0,False,0.4016380385172043,92.04914115551612,25.0,17,1564.835399643774,425.0,1139.835399643774
2024-06-18,1,20:00,website,standard,1,False,0.39636969784057313,91.89109093521719,25.0,14,1286.4752730930406,350.0,936.4752730930406
2024-06-18,2,21:30,walk_in,premium,1,False,0.39636969784057313,131.8910909352172,35.0,7,923.2376365465203,245.0,678.2376365465203
2024-06-18,3,23:00,website,premium,1,False,0.39636969784057313,131.8910909352172,35.0,8,1055.1287274817375,280.0,775.1287274817375
2024-06-19,1,20:00,website,standard,2,False,0.5958887649502627,97.87666294850789,25.0,11,1076.6432924335868,275.0,801.6432924335868
2024-06-19,2,21:30,walk_in,standard,2,False,0.5958887649502627,97.87666294850789,25.0,18,1761.7799330731418,450.0,1311.7799330731418
2024-06-19,3,23:00,website,standard,2,False,0.5958887649502627,97.87666294850789,25.0,21,2055.4099219186655,525.0,1530.4099219186655
2024-06-20,1,20:00,OTA,standard,3,False,0.6820818272420688,100.46245481726206,25.0,25,2511.5613704315515,625.0,1886.5613704315515
2024-06-21,1,20:00,website,premium,4,False,0.5021450599558599,135.0643517986758,35.0,9,1215.5791661880821,315.0,900.5791661880821
2024-06-22,1,20:00,OTA,premium,5,True,0.6364713121225816,154.09413936367744,35.0,5,770.4706968183872,175.0,595.4706968183872
2024-06-23,1,20:00,OTA,standard,6,True,0.6527580724815581,114.58274217444674,25.0,25,2864.5685543611685,625.0,2239.5685543611685
2024-06-23,2,21:30,walk_in,standard,6,True,0.6527580724815581,114.58274217444674,25.0,22,2520.8203278378282,550.0,1970.8203278378282
2024-06-24,1,20:00,walk_in,standard,0,False,0.6084566241089838,98.25369872326951,25.0,12,1179.044384679234,300.0,879.0443846792341
2024-06-24,2,21:30,OTA,premium,0,False,0.6084566241089838,138.2536987232695,35.0,14,1935.5517821257731,490.0,1445.5517821257731
2024-06-25,1,20:00,walk_in,standard,1,False,0.6577400572146163,99.73220171643848,25.0,16,1595.7152274630157,400.0,1195.7152274630157
2024-06-26,1,20:00,walk_in,standard,2,False,0.5387050197643053,96.16115059292916,25.0,15,1442.4172588939375,375.0,1067.4172588939375
2024-06-26,2,21:30,website,standard,2,False,0.5387050197643053,96.16115059292916,25.0,14,1346.2561083010082,350.0,996.2561083010082
2024-06-27,1,20:00,website,standard,3,False,0.5997118539786646,97.99135561935994,25.0,14,1371.878978671039,350.0,1021.878978671039
2024-06-28,1,20:00,website,premium,4,False,0.49637344769989683,134.8912034309969,35.0,10,1348.9120343099692,350.0,998.9120343099692
2024-06-29,1,20:00,OTA,premium,5,True,0.8068760055458734,159.2062801663762,35.0,19,3024.9193231611475,665.0,2359.9193231611475
2024-06-29,2,21:30,walk_in,standard,5,True,0.8068760055458734,119.2062801663762,25.0,26,3099.3632843257815,650.0,2449.3632843257815
2024-06-29,3,23:00,walk_in,standard,5,True,0.8068760055458734,119.2062801663762,25.0,26,3099.3632843257815,650.0,2449.3632843257815
2024-06-30,1,20:00,OTA,standard,6,True,0.6593829846380447,114.78148953914135,25.0,25,2869.5372384785337,625.0,2244.5372384785337
2024-06-30,2,21:30,website,standard,6,True,0.6593829846380447,114.78148953914135,25.0,26,2984.318728017675,650.0,2334.318728017675
2024-07-01,1,20:00,website,standard,0,False,0.5447724867194013,96.34317460158204,25.0,16,1541.4907936253126,400.0,1141.4907936253126
2024-07-01,2,21:30,OTA,standard,0,False,0.5447724867194013,96.34317460158204,25.0,17,1637.8339682268945,425.0,1212.8339682268945
2024-07-01,3,23:00,website,standard,0,False,0.5447724867194013,96.34317460158204,25.0,15,1445.1476190237306,375.0,1070.1476190237306
2024-07-02,1,20:00,website,standard,1,False,0.3651459658876127,90.95437897662838,25.0,11,1000.4981687429122,275.0,725.4981687429122
2024-07-02,2,21:30,website,standard,1,False,0.3651459658876127,90.95437897662838,25.0,12,1091.4525477195405,300.0,791.4525477195405
2024-07-02,3,23:00,website,standard,1,False,0.3651459658876127,90.95437897662838,25.0,10,909.5437897662838,250.0,659.5437897662838
2024-07-03,1,20:00,website,standard,2,False,0.6249659861691443,98.74897958507432,25.0,13,1283.7367346059661,325.0,958.7367346059661
2024-07-03,2,21:30,walk_in,standard,2,False,0.6249659861691443,98.74897958507432,25.0,17,1678.7326529462634,425.0,1253.7326529462634
2024-07-05,1,20:00,website,standard,4,False,0.7781366938934339,103.34410081680302,25.0,16,1653.5056130688483,400.0,1253.5056130688483
2024-07-05,2,21:30,website,premium,4,False,0.7781366938934339,143.344100816803,35.0,12,1720.129209801636,420.0,1300.129209801636
2024-07-08,1,20:00,walk_in,standard,0,False,0.657869809515325,99.73609428545976,25.0,21,2094.457979994655,525.0,1569.457979994655
2024-07-10,1,20:00,walk_in,premium,2,False,0.7836033477980459,143.50810043394137,35.0,10,1435.0810043394135,350.0,1085.0810043394135
2024-07-10,2,21:30,website,premium,2,False,0.7836033477980459,143.50810043394137,35.0,10,1435.0810043394135,350.0,1085.0810043394135
2024-07-11,1,20:00,website,standard,3,False,0.47376418168482026,94.2129254505446,25.0,17,1601.6197326592583,425.0,1176.6197326592583
2024-07-11,2,21:30,website,standard,3,False,0.47376418168482026,94.2129254505446,25.0,13,1224.7680308570798,325.0,899.7680308570798
2024-07-12,1,20:00,OTA,standard,4,False,0.48208947721674494,94.46268431650235,25.0,15,1416.9402647475351,375.0,1041.9402647475351
2024-07-12,2,21:30,website,standard,4,False,0.48208947721674494,94.46268431650235,25.0,16,1511.4029490640376,400.0,1111.4029490640376
2024-07-12,3,23:00,website,premium,4,False,0.48208947721674494,134.46268431650236,35.0,4,537.8507372660094,140.0,397.85073726600945
2024-07-13,1,20:00,website,standard,5,True,0.49495693197558466,109.84870795926754,25.0,19,2087.1254512260834,475.0,1612.1254512260834
2024-07-14,1,20:00,OTA,standard,6,True,0.5755027662593132,112.2650829877794,25.0,17,1908.5064107922497,425.0,1483.5064107922497
2024-07-16,1,20:00,walk_in,standard,1,False,0.4018247725776599,92.0547431773298,25.0,15,1380.821147659947,375.0,1005.821147659947
2024-07-16,2,21:30,website,standard,1,False,0.4018247725776599,92.0547431773298,25.0,12,1104.6569181279576,300.0,804.6569181279576
2024-07-16,3,23:00,walk_in,premium,1,False,0.4018247725776599,132.05474317732978,35.0,4,528.2189727093191,140.0,388.21897270931913
2024-07-17,1,20:00,walk_in,premium,2,False,0.7028249571336457,141.08474871400938,35.0,13,1834.101733282122,455.0,1379.101733282122
2024-07-17,2,21:30,walk_in,standard,2,False,0.7028249571336457,101.08474871400938,25.0,23,2324.9492204222156,575.0,1749.9492204222156
2024-07-18,1,20:00,website,standard,3,False,0.6657615252057659,99.97284575617297,25.0,19,1899.4840693672866,475.0,1424.4840693672866
2024-07-18,2,21:30,website,premium,3,False,0.6657615252057659,139.97284575617297,35.0,9,1259.7556118055568,315.0,944.7556118055568
2024-07-19,1,20:00,walk_in,premium,4,False,0.5005475439237282,135.01642631771185,35.0,9,1215.1478368594067,315.0,900.1478368594067
2024-07-19,2,21:30,walk_in,standard,4,False,0.5005475439237282,95.01642631771185,25.0,12,1140.197115812542,300.0,840.197115812542
2024-07-19,3,23:00,website,standard,4,False,0.5005475439237282,95.01642631771185,25.0,17,1615.2792474011014,425.0,1190.2792474011014
2024-07-20,1,20:00,website,standard,5,True,0.6760166544061218,115.28049963218365,25.0,32,3688.9759882298767,800.0,2888.9759882298767
2024-07-20,2,21:30,website,standard,5,True,0.6760166544061218,115.28049963218365,25.0,32,3688.9759882298767,800.0,2888.9759882298767
2024-07-20,3,23:00,website,standard,5,True,0.6760166544061218,115.28049963218365,25.0,19,2190.3294930114894,475.0,1715.3294930114894
2024-07-21,1,20:00,website,standard,6,True,0.4522283937817141,108.56685181345142,25.0,27,2931.304998963188,675.0,2256.304998963188
2024-07-22,1,20:00,website,premium,0,False,0.5552451570552567,136.6573547116577,35.0,10,1366.573547116577,350.0,1016.573547116577
2024-07-22,2,21:30,walk_in,standard,0,False,0.5552451570552567,96.6573547116577,25.0,14,1353.2029659632078,350.0,1003.2029659632078
2024-07-24,1,20:00,OTA,standard,2,False,0.43057920187103127,92.91737605613093,25.0,21,1951.2648971787496,525.0,1426.2648971787496
2024-07-24,2,21:30,OTA,premium,2,False,0.43057920187103127,132.91737605613093,35.0,7,930.4216323929165,245.0,685.4216323929165
2024-07-25,1,20:00,website,premium,3,False,0.4114352598383394,132.34305779515017,35.0,6,794.058346770901,210.0,584.058346770901
2024-07-25,2,21:30,OTA,standard,3,False,0.4114352598383394,92.34305779515019,25.0,5,461.7152889757509,125.0,336.7152889757509
2024-07-27,1,20:00,OTA,standard,5,True,0.405009551875528,107.15028655626584,25.0,18,1928.7051580127852,450.0,1478.7051580127852
2024-07-28,1,20:00,website,standard,6,True,0.7716727597959916,118.15018279387975,25.0,19,2244.8534730837155,475.0,1769.8534730837155
2024-07-28,2,21:30,walk_in,standard,6,True,0.7716727597959916,118.15018279387975,25.0,29,3426.355301022513,725.0,2701.355301022513
2024-07-28,3,23:00,OTA,premium,6,True,0.7716727597959916,158.15018279387974,35.0,20,3163.0036558775946,700.0,2463.0036558775946
2024-07-29,1,20:00,website,standard,0,False,0.6027532529394618,98.08259758818386,25.0,10,980.8259758818385,250.0,730.8259758818385
2024-07-29,2,21:30,website,standard,0,False,0.6027532529394618,98.08259758818386,25.0,21,2059.734549351861,525.0,1534.734549351861
2024-07-29,3,23:00,website,standard,0,False,0.6027532529394618,98.08259758818386,25.0,20,1961.651951763677,500.0,1461.651951763677
2024-07-30,1,20:00,website,premium,1,False,0.5289045002826279,135.86713500847884,35.0,9,1222.8042150763094,315.0,907.8042150763094
2024-07-31,1,20:00,website,standard,2,False,0.6423864682005348,99.27159404601605,25.0,16,1588.3455047362568,400.0,1188.3455047362568
2024-08-02,1,20:00,OTA,standard,4,False,0.5331893101263928,95.99567930379179,25.0,17,1631.9265481644604,425.0,1206.9265481644604
2024-08-03,1,20:00,website,standard,5,True,0.5216735922671334,110.650207768014,25.0,13,1438.452700984182,325.0,1113.452700984182
2024-08-03,2,21:30,OTA,standard,5,True,0.5216735922671334,110.650207768014,25.0,13,1438.452700984182,325.0,1113.452700984182
2024-08-03,3,23:00,OTA,standard,5,True,0.5216735922671334,110.650207768014,25.0,22,2434.304570896308,550.0,1884.3045708963082
2024-08-04,1,20:00,walk_in,standard,6,True,0.694434349992125,115.83303049976375,25.0,26,3011.6587929938573,650.0,2361.6587929938573
2024-08-05,1,20:00,website,standard,0,False,0.6866577675313865,100.59973302594159,25.0,16,1609.5957284150654,400.0,1209.5957284150654
2024-08-05,2,21:30,website,premium,0,False,0.6866577675313865,140.5997330259416,35.0,14,1968.3962623631824,490.0,1478.3962623631824
2024-08-05,3,23:00,website,standard,0,False,0.6866577675313865,100.59973302594159,25.0,32,3219.191456830131,800.0,2419.191456830131
2024-08-07,1,20:00,website,standard,2,False,0.5459129575297411,96.37738872589223,25.0,19,1831.1703857919524,475.0,1356.1703857919524
2024-08-07,2,21:30,OTA,standard,2,False,0.5459129575297411,96.37738872589223,25.0,15,1445.6608308883835,375.0,1070.6608308883835
2024-08-08,1,20:00,website,standard,3,False,0.5275782560182799,95.8273476805484,25.0,25,2395.68369201371,625.0,1770.6836920137098
2024-08-08,2,21:30,website,premium,3,False,0.5275782560182799,135.8273476805484,35.0,8,1086.6187814443872,280.0,806.6187814443872
2024-08-09,1,20:00,website,standard,4,False,0.8010226870570671,104.03068061171201,25.0,17,1768.5215703991043,425.0,1343.5215703991043
2024-08-09,2,21:30,website,standard,4,False,0.8010226870570671,104.03068061171201,25.0,25,2600.7670152928004,625.0,1975.7670152928004
2024-08-10,1,20:00,website,standard,5,True,0.5733225796996414,112.19967739098924,25.0,24,2692.792257383742,600.0,2092.792257383742
2024-08-11,1,20:00,website,standard,6,True,0.41486494189501333,107.4459482568504,25.0,16,1719.1351721096064,400.0,1319.1351721096064
2024-08-11,2,21:30,website,standard,6,True,0.41486494189501333,107.4459482568504,25.0,14,1504.2432755959055,350.0,1154.2432755959055
2024-08-12,1,20:00,OTA,standard,0,False,0.702893195657573,101.08679586972718,25.0,21,2122.822713264271,525.0,1597.822713264271
2024-08-12,2,21:30,website,standard,0,False,0.702893195657573,101.08679586972718,25.0,12,1213.041550436726,300.0,913.0415504367261
2024-08-13,1,20:00,OTA,standard,1,False,0.4592901207821583,93.77870362346475,25.0,9,844.0083326111827,225.0,619.0083326111827
2024-08-14,1,20:00,website,standard,2,False,0.7533880543868369,102.6016416316051,25.0,21,2154.634474263707,525.0,1629.634474263707
2024-08-14,2,21:30,website,standard,2,False,0.7533880543868369,102.6016416316051,25.0,19,1949.431191000497,475.0,1474.431191000497
2024-08-15,1,20:00,website,standard,3,False,0.6857267673066338,100.57180301919902,25.0,17,1709.7206513263834,425.0,1284.7206513263834
2024-08-16,1,20:00,OTA,premium,4,False,0.6066805201853314,138.20041560555995,35.0,5,691.0020780277998,175.0,516.0020780277998
2024-08-16,2,21:30,website,standard,4,False,0.6066805201853314,98.20041560555994,25.0,20,1964.0083121111988,500.0,1464.0083121111988
2024-08-17,1,20:00,website,standard,5,True,0.6514295540034716,114.54288662010416,25.0,21,2405.400619022187,525.0,1880.4006190221871
2024-08-17,2,21:30,website,standard,5,True,0.6514295540034716,114.54288662010416,25.0,16,1832.6861859216665,400.0,1432.6861859216665
2024-08-17,3,23:00,walk_in,standard,5,True,0.6514295540034716,114.54288662010416,25.0,23,2634.4863922623954,575.0,2059.4863922623954
2024-08-18,1,20:00,walk_in,premium,6,True,0.4018337493111463,147.05501247933438,35.0,6,882.3300748760063,210.0,672.3300748760063
2024-08-19,1,20:00,walk_in,standard,0,False,0.4946999265348095,94.84099779604429,25.0,6,569.0459867762657,150.0,419.04598677626575
2024-08-19,2,21:30,website,premium,0,False,0.4946999265348095,134.8409977960443,35.0,8,1078.7279823683543,280.0,798.7279823683543
2024-08-19,3,23:00,walk_in,standard,0,False,0.4946999265348095,94.84099779604429,25.0,13,1232.9329713485758,325.0,907.9329713485758
2024-08-20,1,20:00,OTA,standard,1,False,0.42852543106964636,92.85576293208939,25.0,18,1671.403732777609,450.0,1221.403732777609
2024-08-21,1,20:00,website,standard,2,False,0.6804699179554495,100.41409753866348,25.0,16,1606.6255606186157,400.0,1206.6255606186157
2024-08-22,1,20:00,walk_in,standard,3,False,0.5844546232332328,97.53363869699699,25.0,17,1658.0718578489489,425.0,1233.0718578489489
2024-08-23,1,20:00,website,standard,4,False,0.5114593263947471,95.34377979184241,25.0,14,1334.8129170857937,350.0,984.8129170857937
2024-08-24,1,20:00,OTA,premium,5,True,0.6034794873906403,153.10438462171922,35.0,18,2755.878923190946,630.0,2125.878923190946
2024-08-24,2,21:30,website,premium,5,True,0.6034794873906403,153.10438462171922,35.0,21,3215.1920770561037,735.0,2480.1920770561037
2024-08-25,1,20:00,website,premium,6,True,0.45282694232107723,148.5848082696323,35.0,16,2377.356932314117,560.0,1817.3569323141169
2024-08-25,2,21:30,OTA,standard,6,True,0.45282694232107723,108.58480826963232,25.0,17,1845.9417405837494,425.0,1420.9417405837494
2024-08-27,1,20:00,OTA,standard,1,False,0.37192507509887845,91.15775225296636,25.0,7,638.1042657707645,175.0,463.1042657707645
2024-08-27,2,21:30,OTA,premium,1,False,0.37192507509887845,131.15775225296636,35.0,10,1311.5775225296636,350.0,961.5775225296636
2024-08-28,1,20:00,website,standard,2,False,0.5273513761541028,95.82054128462309,25.0,13,1245.6670367001002,325.0,920.6670367001002
2024-08-28,2,21:30,walk_in,premium,2,False,0.5273513761541028,135.8205412846231,35.0,12,1629.846495415477,420.0,1209.846495415477
2024-08-28,3,23:00,walk_in,standard,2,False,0.5273513761541028,95.82054128462309,25.0,14,1341.4875779847232,350.0,991.4875779847232
2024-08-29,1,20:00,OTA,standard,3,False,0.49504490196633927,94.85134705899017,25.0,11,1043.3648176488919,275.0,768.3648176488919
2024-08-29,2,21:30,website,premium,3,False,0.49504490196633927,134.85134705899017,35.0,11,1483.3648176488919,385.0,1098.3648176488919
2024-08-30,1,20:00,website,standard,4,False,0.4437150669712618,93.31145200913785,25.0,14,1306.36032812793,350.0,956.36032812793
2024-08-31,1,20:00,OTA,standard,5,True,0.4552764764248252,108.65829429274476,25.0,16,1738.532708683916,400.0,1338.532708683916
2024-08-31,2,21:30,website,standard,5,True,0.4552764764248252,108.65829429274476,25.0,13,1412.557825805682,325.0,1087.557825805682
2024-08-31,3,23:00,walk_in,standard,5,True,0.4552764764248252,108.65829429274476,25.0,19,2064.5075915621505,475.0,1589.5075915621505
2024-09-01,1,20:00,OTA,standard,6,True,0.7132255823397022,116.39676747019107,25.0,21,2444.332116874012,525.0,1919.3321168740122
2024-09-01,2,21:30,website,premium,6,True,0.7132255823397022,156.39676747019107,35.0,15,2345.951512052866,525.0,1820.9515120528658
2024-09-02,1,20:00,OTA,standard,0,False,0.4644526744525594,93.93358023357678,25.0,16,1502.9372837372284,400.0,1102.9372837372284
2024-09-02,2,21:30,website,premium,0,False,0.4644526744525594,133.93358023357678,35.0,8,1071.4686418686142,280.0,791.4686418686142
2024-09-03,1,20:00,website,standard,1,False,0.7296590132250765,101.8897703967523,25.0,18,1834.0158671415413,450.0,1384.0158671415413
2024-09-03,2,21:30,OTA,standard,1,False,0.7296590132250765,101.8897703967523,25.0,22,2241.5749487285507,550.0,1691.5749487285507
2024-09-05,1,20:00,website,standard,3,False,0.6010700226549534,98.03210067964861,25.0,15,1470.481510194729,375.0,1095.481510194729
2024-09-05,2,21:30,website,standard,3,False,0.6010700226549534,98.03210067964861,25.0,5,490.160503398243,125.0,365.160503398243
2024-09-06,1,20:00,walk_in,premium,4,False,0.33568722858750905,130.07061685762528,35.0,2,260.14123371525056,70.0,190.14123371525056
2024-09-06,2,21:30,website,premium,4,False,0.33568722858750905,130.07061685762528,35.0,10,1300.7061685762528,350.0,950.7061685762528
2024-09-07,1,20:00,website,premium,5,True,0.4542126724540737,148.6263801736222,35.0,12,1783.5165620834664,420.0,1363.5165620834664
2024-09-07,2,21:30,website,premium,5,True,0.4542126724540737,148.6263801736222,35.0,13,1932.1429422570886,455.0,1477.1429422570886
2024-09-08,1,20:00,website,standard,6,True,0.5026986822374051,110.08096046712215,25.0,14,1541.1334465397101,350.0,1191.1334465397101
2024-09-09,1,20:00,OTA,standard,0,False,0.5782363351406888,97.34709005422067,25.0,14,1362.8592607590895,350.0,1012.8592607590895
2024-09-10,1,20:00,walk_in,premium,1,False,0.533788321464521,136.01364964393562,35.0,8,1088.109197151485,280.0,808.109197151485
2024-09-10,2,21:30,walk_in,standard,1,False,0.533788321464521,96.01364964393564,25.0,14,1344.1910950150989,350.0,994.1910950150989
2024-09-10,3,23:00,OTA,standard,1,False,0.533788321464521,96.01364964393564,25.0,17,1632.2320439469058,425.0,1207.2320439469058
2024-09-13,1,20:00,website,standard,4,False,0.4821247398196171,94.46374219458852,25.0,13,1228.0286485296508,325.0,903.0286485296508
2024-09-13,2,21:30,website,standard,4,False,0.4821247398196171,94.46374219458852,25.0,15,1416.9561329188277,375.0,1041.9561329188277
2024-09-13,3,23:00,OTA,premium,4,False,0.4821247398196171,134.46374219458852,35.0,11,1479.1011641404737,385.0,1094.1011641404737
2024-09-14,1,20:00,walk_in,standard,5,True,0.616386248483826,113.49158745451479,25.0,26,2950.7812738173843,650.0,2300.7812738173843
2024-09-15,1,20:00,walk_in,premium,6,True,0.42979653633673576,147.89389609010206,35.0,9,1331.0450648109186,315.0,1016.0450648109186
2024-09-15,2,21:30,walk_in,standard,6,True,0.42979653633673576,107.89389609010207,25.0,23,2481.559610072348,575.0,1906.5596100723478
2024-09-15,3,23:00,website,standard,6,True,0.42979653633673576,107.89389609010207,25.0,24,2589.4535061624497,600.0,1989.4535061624497
2024-09-16,1,20:00,OTA,premium,0,False,0.6992172159101746,140.97651647730524,35.0,15,2114.6477471595786,525.0,1589.6477471595786
2024-09-16,2,21:30,website,standard,0,False,0.6992172159101746,100.97651647730524,25.0,24,2423.4363954553255,600.0,1823.4363954553255
2024-09-17,1,20:00,walk_in,standard,1,False,0.5872685381687387,97.61805614506216,25.0,14,1366.6527860308702,350.0,1016.6527860308702
2024-09-17,2,21:30,website,standard,1,False,0.5872685381687387,97.61805614506216,25.0,17,1659.5069544660566,425.0,1234.5069544660566
2024-09-18,1,20:00,walk_in,standard,2,False,0.6549333739551215,99.64800121865365,25.0,18,1793.6640219357657,450.0,1343.6640219357657
2024-09-18,2,21:30,website,standard,2,False,0.6549333739551215,99.64800121865365,25.0,20,1992.9600243730729,500.0,1492.9600243730729
2024-09-18,3,23:00,website,premium,2,False,0.6549333739551215,139.64800121865363,35.0,11,1536.12801340519,385.0,1151.12801340519
2024-09-19,1,20:00,website,standard,3,False,0.7383468824297564,102.1504064728927,25.0,15,1532.2560970933905,375.0,1157.2560970933905
2024-09-19,2,21:30,website,standard,3,False,0.7383468824297564,102.1504064728927,25.0,17,1736.5569100391758,425.0,1311.5569100391758
2024-09-20,1,20:00,website,premium,4,False,0.7431355886501678,142.29406765950503,35.0,9,1280.6466089355454,315.0,965.6466089355454
2024-09-20,2,21:30,website,standard,4,False,0.7431355886501678,102.29406765950503,25.0,22,2250.4694885091108,550.0,1700.4694885091108
2024-09-21,1,20:00,website,standard,5,True,0.3163225217944632,104.4896756538339,25.0,19,1985.303837422844,475.0,1510.303837422844
2024-09-22,1,20:00,OTA,standard,6,True,0.45335663297475437,108.60069898924263,25.0,20,2172.0139797848524,500.0,1672.0139797848524
2024-09-22,2,21:30,website,standard,6,True,0.45335663297475437,108.60069898924263,25.0,19,2063.41328079561,475.0,1588.4132807956098
2024-09-23,1,20:00,website,premium,0,False,0.5545085268085397,136.6352558042562,35.0,11,1502.987813846818,385.0,1117.987813846818
2024-09-23,2,21:30,website,standard,0,False,0.5545085268085397,96.63525580425619,25.0,17,1642.7993486723553,425.0,1217.7993486723553
2024-09-24,1,20:00,website,premium,1,False,0.7690283101400797,143.0708493042024,35.0,4,572.2833972168096,140.0,432.2833972168096
2024-09-24,2,21:30,OTA,premium,1,False,0.7690283101400797,143.0708493042024,35.0,15,2146.062739563036,525.0,1621.0627395630358
2024-09-25,1,20:00,website,standard,2,False,0.6492163632016076,99.47649089604823,25.0,17,1691.10034523282,425.0,1266.10034523282
2024-09-26,1,20:00,OTA,premium,3,False,0.319883059559519,129.59649178678558,35.0,5,647.9824589339279,175.0,472.9824589339279
2024-09-26,2,21:30,OTA,standard,3,False,0.319883059559519,89.59649178678558,25.0,16,1433.5438685885692,400.0,1033.5438685885692
2024-09-27,1,20:00,website,standard,4,False,0.42552526556135545,92.76575796684067,25.0,10,927.6575796684067,250.0,677.6575796684067
2024-09-27,2,21:30,website,premium,4,False,0.42552526556135545,132.76575796684065,35.0,9,1194.891821701566,315.0,879.891821701566
2024-09-27,3,23:00,OTA,standard,4,False,0.42552526556135545,92.76575796684067,25.0,8,742.1260637347253,200.0,542.1260637347253
2024-09-28,1,20:00,walk_in,standard,5,True,0.6595302480713463,114.78590744214038,25.0,16,1836.5745190742462,400.0,1436.5745190742462
2024-09-28,2,21:30,OTA,premium,5,True,0.6595302480713463,154.7859074421404,35.0,15,2321.788611632106,525.0,1796.788611632106
2024-09-28,3,23:00,website,standard,5,True,0.6595302480713463,114.78590744214038,25.0,24,2754.861778611369,600.0,2154.861778611369
2024-09-29,1,20:00,website,standard,6,True,0.5005893051929308,110.01767915578792,25.0,20,2200.3535831157583,500.0,1700.3535831157583
2024-09-30,1,20:00,OTA,standard,0,False,0.5030201880716971,95.09060564215092,25.0,16,1521.4496902744147,400.0,1121.4496902744147
2024-10-01,1,20:00,website,premium,1,False,0.6895571570733783,140.68671471220134,35.0,12,1688.240576546416,420.0,1268.240576546416
2024-10-02,1,20:00,website,standard,2,False,0.669527101111475,100.08581303334425,25.0,9,900.7723173000983,225.0,675.7723173000983
2024-10-03,1,20:00,website,premium,3,False,0.5284326417192985,135.85297925157894,35.0,8,1086.8238340126316,280.0,806.8238340126316
2024-10-03,2,21:30,website,standard,3,False,0.5284326417192985,95.85297925157896,25.0,14,1341.9417095221054,350.0,991.9417095221054
2024-10-03,3,23:00,website,standard,3,False,0.5284326417192985,95.85297925157896,25.0,14,1341.9417095221054,350.0,991.9417095221054
2024-10-04,1,20:00,website,premium,4,False,0.7131925231259815,141.39577569377946,35.0,11,1555.3535326315741,385.0,1170.3535326315741
2024-10-04,2,21:30,OTA,standard,4,False,0.7131925231259815,101.39577569377944,25.0,16,1622.332411100471,400.0,1222.332411100471
2024-10-05,1,20:00,website,standard,5,True,0.5413568692506533,111.2407060775196,25.0,22,2447.2955337054314,550.0,1897.2955337054314
2024-10-06,1,20:00,OTA,standard,6,True,0.4894563851503926,109.68369155451178,25.0,16,1754.9390648721885,400.0,1354.9390648721885
2024-10-06,2,21:30,website,standard,6,True,0.4894563851503926,109.68369155451178,25.0,13,1425.8879902086533,325.0,1100.8879902086533
2024-10-06,3,23:00,website,premium,6,True,0.4894563851503926,149.68369155451177,35.0,11,1646.5206070996294,385.0,1261.5206070996294
2024-10-07,1,20:00,walk_in,standard,0,False,0.7098723888698584,101.29617166609574,25.0,14,1418.1464033253405,350.0,1068.1464033253405
2024-10-07,2,21:30,walk_in,standard,0,False,0.7098723888698584,101.29617166609574,25.0,15,1519.4425749914362,375.0,1144.4425749914362
2024-10-07,3,23:00,website,premium,0,False,0.7098723888698584,141.29617166609574,35.0,9,1271.6655449948616,315.0,956.6655449948616
2024-10-08,1,20:00,website,premium,1,False,0.6367548191629361,139.10264457488807,35.0,10,1391.0264457488806,350.0,1041.0264457488806
2024-10-08,2,21:30,website,standard,1,False,0.6367548191629361,99.10264457488807,25.0,14,1387.4370240484332,350.0,1037.4370240484332
2024-10-08,3,23:00,website,standard,1,False,0.6367548191629361,99.10264457488807,25.0,23,2279.360825222426,575.0,1704.3608252224258
2024-10-09,1,20:00,OTA,standard,2,False,0.7086797306609792,101.26039191982937,25.0,15,1518.9058787974407,375.0,1143.9058787974407
2024-10-09,2,21:30,OTA,standard,2,False,0.7086797306609792,101.26039191982937,25.0,21,2126.468230316417,525.0,1601.4682303164168
2024-10-10,1,20:00,website,standard,3,False,0.5260978186711078,95.78293456013324,25.0,19,1819.8757566425315,475.0,1344.8757566425315
2024-10-10,2,21:30,website,premium,3,False,0.5260978186711078,135.78293456013324,35.0,9,1222.0464110411992,315.0,907.0464110411992
2024-10-10,3,23:00,website,standard,3,False,0.5260978186711078,95.78293456013324,25.0,10,957.8293456013324,250.0,707.8293456013324
2024-10-11,1,20:00,website,premium,4,False,0.7429336185408365,142.2880085562251,35.0,7,996.0160598935756,245.0,751.0160598935756
2024-10-11,2,21:30,website,standard,4,False,0.7429336185408365,102.2880085562251,25.0,22,2250.3361882369522,550.0,1700.3361882369522
2024-10-11,3,23:00,website,standard,4,False,0.7429336185408365,102.2880085562251,25.0,11,1125.1680941184761,275.0,850.1680941184761
2024-10-12,1,20:00,website,standard,5,True,0.48182075661396473,109.45462269841894,25.0,23,2517.4563220636355,575.0,1942.4563220636355
2024-10-12,2,21:30,OTA,standard,5,True,0.48182075661396473,109.45462269841894,25.0,19,2079.63783126996,475.0,1604.6378312699599
2024-10-12,3,23:00,walk_in,premium,5,True,0.48182075661396473,149.45462269841894,35.0,13,1942.9100950794464,455.0,1487.9100950794464
2024-10-13,1,20:00,website,premium,6,True,0.8491173690898433,160.4735210726953,35.0,18,2888.5233793085154,630.0,2258.5233793085154
2024-10-13,2,21:30,OTA,standard,6,True,0.8491173690898433,120.47352107269529,25.0,32,3855.1526743262493,800.0,3055.1526743262493
2024-10-14,1,20:00,website,standard,0,False,0.6032272707554426,98.09681812266328,25.0,17,1667.6459080852758,425.0,1242.6459080852758
2024-10-14,2,21:30,OTA,standard,0,False,0.6032272707554426,98.09681812266328,25.0,17,1667.6459080852758,425.0,1242.6459080852758
2024-10-16,1,20:00,website,standard,2,False,0.49988943913051775,94.99668317391553,25.0,11,1044.9635149130709,275.0,769.9635149130709
2024-10-17,1,20:00,website,premium,3,False,0.7947171681392228,143.84151504417667,35.0,18,2589.1472707951802,630.0,1959.1472707951802
2024-10-17,2,21:30,walk_in,standard,3,False,0.7947171681392228,103.84151504417669,25.0,24,2492.1963610602406,600.0,1892.1963610602406
2024-10-18,1,20:00,walk_in,premium,4,False,0.7505216151036667,142.51564845311,35.0,11,1567.67213298421,385.0,1182.67213298421
2024-10-18,2,21:30,OTA,standard,4,False,0.7505216151036667,102.51564845311,25.0,17,1742.7660237028701,425.0,1317.7660237028701
2024-10-19,1,20:00,walk_in,standard,5,True,0.49407294434623755,109.82218833038712,25.0,22,2416.0881432685164,550.0,1866.0881432685164
2024-10-19,2,21:30,website,standard,5,True,0.49407294434623755,109.82218833038712,25.0,19,2086.621578277355,475.0,1611.6215782773552
2024-10-20,1,20:00,website,standard,6,True,0.6126833134227752,113.38049940268326,25.0,26,2947.8929844697645,650.0,2297.8929844697645
2024-10-20,2,21:30,OTA,standard,6,True,0.6126833134227752,113.38049940268326,25.0,23,2607.751486261715,575.0,2032.751486261715
2024-10-20,3,23:00,website,premium,6,True,0.6126833134227752,153.38049940268326,35.0,11,1687.1854934295159,385.0,1302.1854934295159
2024-10-21,1,20:00,walk_in,standard,0,False,0.5032526687497655,95.09758006249297,25.0,12,1141.1709607499156,300.0,841.1709607499156
2024-10-22,1,20:00,website,standard,1,False,0.7191032568878751,101.57309770663625,25.0,12,1218.877172479635,300.0,918.877172479635
2024-10-22,2,21:30,website,standard,1,False,0.7191032568878751,101.57309770663625,25.0,22,2234.6081495459975,550.0,1684.6081495459975
2024-10-23,1,20:00,walk_in,premium,2,False,0.5337730176019851,136.01319052805957,35.0,11,1496.1450958086552,385.0,1111.1450958086552
2024-10-24,1,20:00,website,standard,3,False,0.6775895673521942,100.32768702056583,25.0,14,1404.5876182879217,350.0,1054.5876182879217
2024-10-25,1,20:00,OTA,standard,4,False,0.6624998782317691,99.87499634695308,25.0,24,2396.999912326874,600.0,1796.999912326874
2024-10-26,1,20:00,walk_in,standard,5,True,0.437543446593619,108.12630339780857,25.0,18,1946.2734611605542,450.0,1496.2734611605542
2024-10-26,2,21:30,website,standard,5,True,0.437543446593619,108.12630339780857,25.0,23,2486.904978149597,575.0,1911.904978149597
2024-10-27,1,20:00,OTA,standard,6,True,0.49989104909348175,109.99673147280446,25.0,15,1649.9509720920669,375.0,1274.9509720920669
2024-10-27,2,21:30,website,standard,6,True,0.49989104909348175,109.99673147280446,25.0,25,2749.9182868201115,625.0,2124.9182868201115
2024-10-27,3,23:00,website,premium,6,True,0.49989104909348175,149.99673147280444,35.0,6,899.9803888368267,210.0,689.9803888368267
2024-10-28,1,20:00,website,premium,0,False,0.5644116104019649,136.93234831205893,35.0,11,1506.2558314326484,385.0,1121.2558314326484
2024-10-28,2,21:30,website,standard,0,False,0.5644116104019649,96.93234831205895,25.0,7,678.5264381844127,175.0,503.52643818441265
2024-10-29,1,20:00,OTA,standard,1,False,0.5026422688019107,95.07926806405732,25.0,13,1236.030484832745,325.0,911.0304848327451
2024-10-29,2,21:30,website,premium,1,False,0.5026422688019107,135.07926806405732,35.0,9,1215.7134125765158,315.0,900.7134125765158
2024-10-30,1,20:00,walk_in,premium,2,False,0.6456229862420209,139.36868958726063,35.0,15,2090.5303438089095,525.0,1565.5303438089095
2024-10-30,2,21:30,walk_in,standard,2,False,0.6456229862420209,99.36868958726063,25.0,16,1589.8990333961701,400.0,1189.8990333961701
2024-10-30,3,23:00,OTA,premium,2,False,0.6456229862420209,139.36868958726063,35.0,9,1254.3182062853457,315.0,939.3182062853457
2024-11-01,1,20:00,OTA,standard,4,False,0.5218329991231799,95.6549899736954,25.0,14,1339.1698596317356,350.0,989.1698596317356
2024-11-02,1,20:00,website,premium,5,True,0.7686734299363057,158.0602028980892,35.0,14,2212.8428405732484,490.0,1722.8428405732484
2024-11-02,2,21:30,walk_in,standard,5,True,0.7686734299363057,118.06020289808917,25.0,27,3187.6254782484075,675.0,2512.6254782484075
2024-11-03,1,20:00,OTA,premium,6,True,0.5862972601293154,152.58891780387947,35.0,14,2136.2448492543126,490.0,1646.2448492543126
2024-11-03,2,21:30,website,premium,6,True,0.5862972601293154,152.58891780387947,35.0,8,1220.7113424310357,280.0,940.7113424310357
2024-11-04,1,20:00,website,premium,0,False,0.5630952222007138,136.89285666602143,35.0,9,1232.035709994193,315.0,917.035709994193
2024-11-04,2,21:30,website,standard,0,False,0.5630952222007138,96.89285666602142,25.0,12,1162.714279992257,300.0,862.7142799922569
2024-11-05,1,20:00,OTA,premium,1,False,0.6643685499190568,139.93105649757172,35.0,15,2098.9658474635758,525.0,1573.9658474635758
2024-11-05,2,21:30,OTA,standard,1,False,0.6643685499190568,99.9310564975717,25.0,22,2198.4832429465773,550.0,1648.4832429465773
2024-11-05,3,23:00,walk_in,premium,1,False,0.6643685499190568,139.93105649757172,35.0,3,419.79316949271515,105.0,314.79316949271515
2024-11-06,1,20:00,walk_in,premium,2,False,0.6818736577060449,140.45620973118133,35.0,19,2668.6679848924455,665.0,2003.6679848924455
2024-11-07,1,20:00,website,standard,3,False,0.3633992794020964,90.9019783820629,25.0,10,909.019783820629,250.0,659.019783820629
2024-11-08,1,20:00,website,premium,4,False,0.4888934459701492,134.66680337910446,35.0,7,942.6676236537312,245.0,697.6676236537312
2024-11-08,2,21:30,website,premium,4,False,0.4888934459701492,134.66680337910446,35.0,7,942.6676236537312,245.0,697.6676236537312
2024-11-09,1,20:00,OTA,standard,5,True,0.4541426638359213,108.62427991507764,25.0,18,1955.2370384713975,450.0,1505.2370384713975
2024-11-10,1,20:00,OTA,premium,6,True,0.5942064633983148,152.82619390194944,35.0,12,1833.9143268233934,420.0,1413.9143268233934
2024-11-10,2,21:30,OTA,premium,6,True,0.5942064633983148,152.82619390194944,35.0,9,1375.435745117545,315.0,1060.435745117545
2024-11-10,3,23:00,website,standard,6,True,0.5942064633983148,112.82619390194944,25.0,26,2933.4810414506856,650.0,2283.4810414506856
2024-11-11,1,20:00,OTA,standard,0,False,0.5816314846721218,97.44894454016365,25.0,8,779.5915563213092,200.0,579.5915563213092
2024-11-11,2,21:30,walk_in,premium,0,False,0.5816314846721218,137.44894454016367,35.0,11,1511.9383899418003,385.0,1126.9383899418003
2024-11-11,3,23:00,OTA,premium,0,False,0.5816314846721218,137.44894454016367,35.0,6,824.693667240982,210.0,614.693667240982
2024-11-12,1,20:00,website,standard,1,False,0.5122851496689091,95.36855449006728,25.0,15,1430.5283173510093,375.0,1055.5283173510093
2024-11-13,1,20:00,walk_in,premium,2,False,0.6340843513293789,139.02253053988136,35.0,10,1390.2253053988136,350.0,1040.2253053988136
2024-11-13,2,21:30,website,premium,2,False,0.6340843513293789,139.02253053988136,35.0,14,1946.315427558339,490.0,1456.315427558339
2024-11-13,3,23:00,website,standard,2,False,0.6340843513293789,99.02253053988136,25.0,18,1782.4055497178645,450.0,1332.4055497178645
2024-11-14,1,20:00,OTA,premium,3,False,0.5873574591732621,137.62072377519786,35.0,10,1376.2072377519785,350.0,1026.2072377519785
2024-11-15,1,20:00,walk_in,standard,4,False,0.49875013469159607,94.96250404074789,25.0,10,949.6250404074789,250.0,699.6250404074789
2024-11-15,2,21:30,OTA,standard,4,False,0.49875013469159607,94.96250404074789,25.0,16,1519.4000646519662,400.0,1119.4000646519662
2024-11-15,3,23:00,OTA,premium,4,False,0.49875013469159607,134.9625040407479,35.0,6,809.7750242444873,210.0,599.7750242444873
2024-11-16,1,20:00,website,premium,5,True,0.6110227817534893,153.3306834526047,35.0,14,2146.6295683364656,490.0,1656.6295683364656
2024-11-16,2,21:30,walk_in,premium,5,True,0.6110227817534893,153.3306834526047,35.0,13,1993.2988848838609,455.0,1538.2988848838609
2024-11-17,1,20:00,website,standard,6,True,0.6720910357838047,115.16273107351414,25.0,21,2418.417352543797,525.0,1893.4173525437968
2024-11-17,2,21:30,website,standard,6,True,0.6720910357838047,115.16273107351414,25.0,19,2188.0918903967686,475.0,1713.0918903967686
2024-11-18,1,20:00,OTA,standard,0,False,0.41096091434176546,92.32882743025297,25.0,18,1661.9188937445535,450.0,1211.9188937445535
2024-11-18,2,21:30,OTA,premium,0,False,0.41096091434176546,132.32882743025297,35.0,11,1455.6171017327827,385.0,1070.6171017327827
2024-11-20,1,20:00,walk_in,standard,2,False,0.6194794964201168,98.58438489260351,25.0,24,2366.025237422484,600.0,1766.0252374224842
2024-11-20,2,21:30,OTA,standard,2,False,0.6194794964201168,98.58438489260351,25.0,20,1971.6876978520702,500.0,1471.6876978520702
2024-11-20,3,23:00,website,standard,2,False,0.6194794964201168,98.58438489260351,25.0,14,1380.181388496449,350.0,1030.181388496449
2024-11-21,1,20:00,walk_in,standard,3,False,0.7186252548758449,101.55875764627535,25.0,26,2640.527698803159,650.0,1990.5276988031592
2024-11-21,2,21:30,website,standard,3,False,0.7186252548758449,101.55875764627535,25.0,15,1523.3813646941303,375.0,1148.3813646941303
2024-11-22,1,20:00,website,standard,4,False,0.59993717817856,97.9981153453568,25.0,19,1861.964191561779,475.0,1386.964191561779
2024-11-22,2,21:30,website,premium,4,False,0.59993717817856,137.9981153453568,35.0,12,1655.9773841442816,420.0,1235.9773841442816
2024-11-23,1,20:00,OTA,standard,5,True,0.6784902330259375,115.35470699077813,25.0,19,2191.739432824784,475.0,1716.7394328247842
2024-11-23,2,21:30,OTA,standard,5,True,0.6784902330259375,115.35470699077813,25.0,27,3114.5770887510093,675.0,2439.5770887510093
2024-11-24,1,20:00,walk_in,standard,6,True,0.6228835628904295,113.68650688671289,25.0,21,2387.4166446209706,525.0,1862.4166446209706
2024-11-25,1,20:00,walk_in,standard,0,False,0.6714960766598655,100.14488229979597,25.0,13,1301.8834698973476,325.0,976.8834698973476
2024-11-26,1,20:00,website,standard,1,False,0.7234392684907235,101.7031780547217,25.0,15,1525.5476708208255,375.0,1150.5476708208255
2024-11-26,2,21:30,walk_in,premium,1,False,0.7234392684907235,141.70317805472172,35.0,9,1275.3286024924955,315.0,960.3286024924955
2024-11-27,1,20:00,OTA,premium,2,False,0.5747396900894666,137.242190702684,35.0,16,2195.875051242944,560.0,1635.8750512429442
2024-11-28,1,20:00,website,premium,3,False,0.7614791181653319,142.84437354495995,35.0,10,1428.4437354495994,350.0,1078.4437354495994
2024-11-28,2,21:30,website,standard,3,False,0.7614791181653319,102.84437354495995,25.0,13,1336.9768560844793,325.0,1011.9768560844793
2024-11-30,1,20:00,OTA,standard,5,True,0.5246950762785662,110.74085228835699,25.0,22,2436.298750343854,550.0,1886.298750343854
2024-11-30,2,21:30,website,standard,5,True,0.5246950762785662,110.74085228835699,25.0,24,2657.7804549205675,600.0,2057.7804549205675
2024-12-01,1,20:00,walk_in,premium,6,True,0.5206516616567163,150.61954984970149,35.0,12,1807.434598196418,420.0,1387.434598196418
2024-12-02,1,20:00,walk_in,standard,0,False,0.40657799150621665,92.1973397451865,25.0,12,1106.368076942238,300.0,806.3680769422381
2024-12-02,2,21:30,website,premium,0,False,0.40657799150621665,132.1973397451865,35.0,4,528.789358980746,140.0,388.789358980746
2024-12-02,3,23:00,OTA,standard,0,False,0.40657799150621665,92.1973397451865,25.0,15,1382.9600961777974,375.0,1007.9600961777974
2024-12-03,1,20:00,website,premium,1,False,0.14066794946470157,124.22003848394105,35.0,6,745.3202309036463,210.0,535.3202309036463
2024-12-04,1,20:00,walk_in,premium,2,False,0.4133990799708044,132.40197239912413,35.0,9,1191.6177515921172,315.0,876.6177515921172
2024-12-04,2,21:30,OTA,standard,2,False,0.4133990799708044,92.40197239912413,25.0,16,1478.4315583859861,400.0,1078.4315583859861
2024-12-05,1,20:00,OTA,standard,3,False,0.4844695961130167,94.5340878833905,25.0,9,850.8067909505145,225.0,625.8067909505145
2024-12-06,1,20:00,walk_in,premium,4,False,0.5921729412847232,137.7651882385417,35.0,14,1928.7126353395838,490.0,1438.7126353395838
2024-12-06,2,21:30,website,standard,4,False,0.5921729412847232,97.7651882385417,25.0,15,1466.4778235781255,375.0,1091.4778235781255
2024-12-07,1,20:00,website,premium,5,True,0.4945610311069382,149.83683093320815,35.0,14,2097.715633064914,490.0,1607.715633064914
2024-12-07,2,21:30,OTA,standard,5,True,0.4945610311069382,109.83683093320815,25.0,18,1977.0629567977467,450.0,1527.0629567977467
2024-12-07,3,23:00,website,standard,5,True,0.4945610311069382,109.83683093320815,25.0,15,1647.5524639981222,375.0,1272.5524639981222
2024-12-08,1,20:00,OTA,standard,6,True,0.5454902037824604,111.36470611347382,25.0,10,1113.6470611347381,250.0,863.6470611347381
2024-12-09,1,20:00,website,standard,0,False,0.6332756872376704,98.99827061713012,25.0,16,1583.9723298740819,400.0,1183.9723298740819
2024-12-10,1,20:00,OTA,standard,1,False,0.5901258022740629,97.70377406822189,25.0,11,1074.7415147504407,275.0,799.7415147504407
2024-12-10,2,21:30,website,standard,1,False,0.5901258022740629,97.70377406822189,25.0,16,1563.2603850915502,400.0,1163.2603850915502
2024-12-10,3,23:00,website,standard,1,False,0.5901258022740629,97.70377406822189,25.0,23,2247.1868035691036,575.0,1672.1868035691036
2024-12-11,1,20:00,website,standard,2,False,0.5833435540782104,97.50030662234632,25.0,20,1950.0061324469264,500.0,1450.0061324469264
2024-12-11,2,21:30,OTA,standard,2,False,0.5833435540782104,97.50030662234632,25.0,9,877.5027596011168,225.0,652.5027596011168
2024-12-12,1,20:00,website,standard,3,False,0.6447871542041743,99.34361462612523,25.0,21,2086.21590714863,525.0,1561.2159071486299
2024-12-13,1,20:00,walk_in,standard,4,False,0.588113433723166,97.64340301169499,25.0,15,1464.6510451754248,375.0,1089.6510451754248
2024-12-13,2,21:30,website,standard,4,False,0.588113433723166,97.64340301169499,25.0,15,1464.6510451754248,375.0,1089.6510451754248
2024-12-15,1,20:00,website,premium,6,True,0.6590418348098082,154.77125504429424,35.0,17,2631.111335753002,595.0,2036.111335753002
2024-12-15,2,21:30,website,standard,6,True,0.6590418348098082,114.77125504429424,25.0,24,2754.510121063062,600.0,2154.510121063062
2024-12-17,1,20:00,website,standard,1,False,0.5357674617316108,96.07302385194832,25.0,15,1441.0953577792247,375.0,1066.0953577792247
2024-12-18,1,20:00,OTA,standard,2,False,0.7368767589077834,102.1063027672335,25.0,17,1735.8071470429695,425.0,1310.8071470429695
2024-12-18,2,21:30,OTA,standard,2,False,0.7368767589077834,102.1063027672335,25.0,14,1429.488238741269,350.0,1079.488238741269
2024-12-19,1,20:00,website,standard,3,False,0.598270981386615,97.94812944159845,25.0,12,1175.3775532991815,300.0,875.3775532991815
2024-12-20,1,20:00,OTA,premium,4,False,0.7837967659427089,143.51390297828127,35.0,12,1722.166835739375,420.0,1302.166835739375
2024-12-20,2,21:30,website,standard,4,False,0.7837967659427089,103.51390297828127,25.0,19,1966.7641565873441,475.0,1491.7641565873441
2024-12-21,1,20:00,walk_in,standard,5,True,0.47776015407042927,109.33280462211287,25.0,12,1311.9936554653545,300.0,1011.9936554653545
2024-12-22,1,20:00,website,standard,6,True,0.6353794068818163,114.06138220645448,25.0,28,3193.7187017807255,700.0,2493.7187017807255
2024-12-23,1,20:00,OTA,standard,0,False,0.5997162071668947,97.99148621500684,25.0,14,1371.8808070100959,350.0,1021.8808070100959
2024-12-24,1,20:00,OTA,standard,1,False,0.39740218420764806,91.92206552622945,25.0,10,919.2206552622945,250.0,669.2206552622945
2024-12-24,2,21:30,walk_in,standard,1,False,0.39740218420764806,91.92206552622945,25.0,12,1103.0647863147533,300.0,803.0647863147533
2024-12-24,3,23:00,website,premium,1,False,0.39740218420764806,131.92206552622943,35.0,6,791.5323931573766,210.0,581.5323931573766
2024-12-25,1,20:00,website,premium,2,False,0.6966562119959746,140.89968635987924,35.0,9,1268.0971772389132,315.0,953.0971772389132
2024-12-26,1,20:00,OTA,standard,3,False,0.755677270828475,102.67031812485425,25.0,18,1848.0657262473765,450.0,1398.0657262473765
2024-12-26,2,21:30,walk_in,standard,3,False,0.755677270828475,102.67031812485425,25.0,27,2772.098589371065,675.0,2097.098589371065
2024-12-27,1,20:00,website,standard,4,False,0.6691640072803163,100.07492021840949,25.0,14,1401.0488830577328,350.0,1051.0488830577328
2024-12-27,2,21:30,website,standard,4,False,0.6691640072803163,100.07492021840949,25.0,12,1200.8990426209139,300.0,900.8990426209139
2024-12-27,3,23:00,OTA,premium,4,False,0.6691640072803163,140.0749202184095,35.0,7,980.5244415288664,245.0,735.5244415288664
2024-12-28,1,20:00,walk_in,standard,5,True,0.6274186635882182,113.82255990764655,25.0,22,2504.096317968224,550.0,1954.096317968224
2024-12-29,1,20:00,walk_in,premium,6,True,0.7537420300525691,157.6122609015771,35.0,15,2364.1839135236564,525.0,1839.1839135236564
2024-12-29,2,21:30,website,premium,6,True,0.7537420300525691,157.6122609015771,35.0,12,1891.347130818925,420.0,1471.347130818925
2024-12-30,1,20:00,website,standard,0,False,0.7655835007820734,102.9675050234622,25.0,20,2059.350100469244,500.0,1559.350100469244
2024-12-30,2,21:30,website,standard,0,False,0.7655835007820734,102.9675050234622,25.0,16,1647.4800803753951,400.0,1247.4800803753951
